rep,n,thr,method,f1
0,5,0.2,Cal,0.6834244080145719
0,5,0.2,mCal,0.6815181518151816
0,5,0.2,Flex,0.6807563959955506
0,5,0.5,Cal,0.7343387470997679
0,5,0.5,mCal,0.7375296912114013
0,5,0.5,Flex,0.7220956719817768
0,5,0.8,Cal,0.7834877843302444
0,5,0.8,mCal,0.7928388746803069
0,5,0.8,Flex,0.7815126050420168
0,10,0.2,Cal,0.7845479888490642
0,10,0.2,mCal,0.7808105872622001
0,10,0.2,Flex,0.7692916501780768
0,10,0.5,Cal,0.8415300546448088
0,10,0.5,mCal,0.8428277282086479
0,10,0.5,Flex,0.8293001962066712
0,10,0.8,Cal,0.8533057851239668
0,10,0.8,mCal,0.8533057851239668
0,10,0.8,Flex,0.8420038535645472
0,25,0.2,Cal,0.8784313725490196
0,25,0.2,mCal,0.8784798939460893
0,25,0.2,Flex,0.8778821520068318
0,25,0.5,Cal,0.926470588235294
0,25,0.5,mCal,0.9290989660265878
0,25,0.5,Flex,0.9214285714285714
0,25,0.8,Cal,0.920314253647587
0,25,0.8,mCal,0.920314253647587
0,25,0.8,Flex,0.9275675675675675
1,5,0.2,Cal,0.6982881597717545
1,5,0.2,mCal,0.7140575079872203
1,5,0.2,Flex,0.6982291290205999
1,5,0.5,Cal,0.7734375
1,5,0.5,mCal,0.7835522558537977
1,5,0.5,Flex,0.7612267250821468
1,5,0.8,Cal,0.7802907915993539
1,5,0.8,mCal,0.7828200972447327
1,5,0.8,Flex,0.7765273311897106
1,10,0.2,Cal,0.7702318015453437
1,10,0.2,mCal,0.7727465086754126
1,10,0.2,Flex,0.7668686868686868
1,10,0.5,Cal,0.8544217687074831
1,10,0.5,mCal,0.858122001370802
1,10,0.5,Flex,0.8401048492791613
1,10,0.8,Cal,0.8559754851889683
1,10,0.8,mCal,0.8559754851889683
1,10,0.8,Flex,0.8487712665406427
1,25,0.2,Cal,0.8763748350197975
1,25,0.2,mCal,0.8782880071333036
1,25,0.2,Flex,0.8844827586206897
1,25,0.5,Cal,0.9194729136163983
1,25,0.5,mCal,0.918201915991157
1,25,0.5,Flex,0.9166072701354241
1,25,0.8,Cal,0.8948598130841122
1,25,0.8,mCal,0.8948598130841122
1,25,0.8,Flex,0.9060402684563759
2,5,0.2,Cal,0.6939218523878438
2,5,0.2,mCal,0.7033414832925835
2,5,0.2,Flex,0.6944749359678011
2,5,0.5,Cal,0.7598647125140925
2,5,0.5,mCal,0.7677119628339142
2,5,0.5,Flex,0.7505567928730513
2,5,0.8,Cal,0.7798238590872699
2,5,0.8,mCal,0.7835880933226067
2,5,0.8,Flex,0.7754777070063694
2,10,0.2,Cal,0.7826086956521741
2,10,0.2,mCal,0.7759699624530663
2,10,0.2,Flex,0.7694753577106518
2,10,0.5,Cal,0.8447552447552447
2,10,0.5,mCal,0.8502824858757062
2,10,0.5,Flex,0.8289738430583502
2,10,0.8,Cal,0.8509719222462203
2,10,0.8,mCal,0.8509719222462203
2,10,0.8,Flex,0.8505516549648947
2,25,0.2,Cal,0.8617021276595744
2,25,0.2,mCal,0.8609986504723348
2,25,0.2,Flex,0.8560311284046693
2,25,0.5,Cal,0.9118773946360152
2,25,0.5,mCal,0.9124423963133641
2,25,0.5,Flex,0.9153046062407132
2,25,0.8,Cal,0.9116279069767441
2,25,0.8,mCal,0.9126891734575088
2,25,0.8,Flex,0.9103139013452914
3,5,0.2,Cal,0.7114481762369085
3,5,0.2,mCal,0.7271248474989834
3,5,0.2,Flex,0.7128712871287128
3,5,0.5,Cal,0.7572922399559715
3,5,0.5,mCal,0.7599775154581225
3,5,0.5,Flex,0.747014115092291
3,5,0.8,Cal,0.7750809061488673
3,5,0.8,mCal,0.7852459016393442
3,5,0.8,Flex,0.7744543249797898
3,10,0.2,Cal,0.7732463295269169
3,10,0.2,mCal,0.7729591836734694
3,10,0.2,Flex,0.7601626016260163
3,10,0.5,Cal,0.8271872740419378
3,10,0.5,mCal,0.8311499272197963
3,10,0.5,Flex,0.8203017832647462
3,10,0.8,Cal,0.8581157775255391
3,10,0.8,mCal,0.8581157775255391
3,10,0.8,Flex,0.855072463768116
3,25,0.2,Cal,0.867761452031115
3,25,0.2,mCal,0.8650306748466259
3,25,0.2,Flex,0.860377358490566
3,25,0.5,Cal,0.9108327192336035
3,25,0.5,mCal,0.910436713545522
3,25,0.5,Flex,0.9063400576368876
3,25,0.8,Cal,0.9216799091940975
3,25,0.8,mCal,0.9216799091940975
3,25,0.8,Flex,0.9217199558985667
4,5,0.2,Cal,0.694531522117729
4,5,0.2,mCal,0.7004830917874396
4,5,0.2,Flex,0.6941508104298802
4,5,0.5,Cal,0.7495741056218058
4,5,0.5,mCal,0.7578947368421052
4,5,0.5,Flex,0.7406162464985995
4,5,0.8,Cal,0.756578947368421
4,5,0.8,mCal,0.7597027250206442
4,5,0.8,Flex,0.7540983606557378
4,10,0.2,Cal,0.787445371473977
4,10,0.2,mCal,0.7859793814432989
4,10,0.2,Flex,0.7757671125098348
4,10,0.5,Cal,0.8484438430311232
4,10,0.5,mCal,0.8524813052345344
4,10,0.5,Flex,0.8351507376523413
4,10,0.8,Cal,0.8726899383983573
4,10,0.8,mCal,0.8726899383983573
4,10,0.8,Flex,0.8416030534351144
4,25,0.2,Cal,0.8599913307325532
4,25,0.2,mCal,0.8592788038698329
4,25,0.2,Flex,0.862112855324565
4,25,0.5,Cal,0.888212927756654
4,25,0.5,mCal,0.888042650418888
4,25,0.5,Flex,0.8907063197026022
4,25,0.8,Cal,0.902994011976048
4,25,0.8,mCal,0.902994011976048
4,25,0.8,Flex,0.9166666666666667
5,5,0.2,Cal,0.6833990677662245
5,5,0.2,mCal,0.6905940594059407
5,5,0.2,Flex,0.6825741142443963
5,5,0.5,Cal,0.7578078962875663
5,5,0.5,mCal,0.7543753771876887
5,5,0.5,Flex,0.7446685878962536
5,5,0.8,Cal,0.7451963241436926
5,5,0.8,mCal,0.7527426160337551
5,5,0.8,Flex,0.742714404662781
5,10,0.2,Cal,0.7799999999999999
5,10,0.2,mCal,0.7762442492680885
5,10,0.2,Flex,0.7716346153846153
5,10,0.5,Cal,0.8384341637010676
5,10,0.5,mCal,0.8460431654676259
5,10,0.5,Flex,0.8188010899182562
5,10,0.8,Cal,0.8503253796095445
5,10,0.8,mCal,0.8503253796095445
5,10,0.8,Flex,0.8608608608608609
5,25,0.2,Cal,0.8623935454952936
5,25,0.2,mCal,0.8650362318840579
5,25,0.2,Flex,0.8578993821712267
5,25,0.5,Cal,0.9024767801857585
5,25,0.5,mCal,0.8994544037412315
5,25,0.5,Flex,0.9051204819277109
5,25,0.8,Cal,0.9086538461538461
5,25,0.8,mCal,0.9086538461538461
5,25,0.8,Flex,0.9044879171461451
6,5,0.2,Cal,0.7066335579992904
6,5,0.2,mCal,0.7282051282051282
6,5,0.2,Flex,0.7075812274368232
6,5,0.5,Cal,0.7733910221741482
6,5,0.5,mCal,0.774157923799006
6,5,0.5,Flex,0.7602339181286549
6,5,0.8,Cal,0.763719512195122
6,5,0.8,mCal,0.7689946277820414
6,5,0.8,Flex,0.7631378522467631
6,10,0.2,Cal,0.7721157766000815
6,10,0.2,mCal,0.7680478428022213
6,10,0.2,Flex,0.7574156846810239
6,10,0.5,Cal,0.8623718887262078
6,10,0.5,mCal,0.8653421633554084
6,10,0.5,Flex,0.8445993031358886
6,10,0.8,Cal,0.8613303269447576
6,10,0.8,mCal,0.8613303269447576
6,10,0.8,Flex,0.8562628336755647
6,25,0.2,Cal,0.875
6,25,0.2,mCal,0.8765920070267897
6,25,0.2,Flex,0.8714224690303288
6,25,0.5,Cal,0.90895410082769
6,25,0.5,mCal,0.909502262443439
6,25,0.5,Flex,0.9097525473071325
6,25,0.8,Cal,0.8925619834710744
6,25,0.8,mCal,0.8925619834710744
6,25,0.8,Flex,0.9084745762711864
7,5,0.2,Cal,0.7001477104874446
7,5,0.2,mCal,0.7023608768971332
7,5,0.2,Flex,0.702439024390244
7,5,0.5,Cal,0.7522176227084565
7,5,0.5,mCal,0.7545344619105199
7,5,0.5,Flex,0.7345998848589522
7,5,0.8,Cal,0.7666098807495741
7,5,0.8,mCal,0.7745266781411358
7,5,0.8,Flex,0.7659574468085106
7,10,0.2,Cal,0.774928774928775
7,10,0.2,mCal,0.771706903854299
7,10,0.2,Flex,0.7609834744054816
7,10,0.5,Cal,0.8291636883488206
7,10,0.5,mCal,0.8328530259365994
7,10,0.5,Flex,0.8116531165311652
7,10,0.8,Cal,0.8386363636363636
7,10,0.8,mCal,0.8386363636363636
7,10,0.8,Flex,0.8279457768508864
7,25,0.2,Cal,0.8757602085143353
7,25,0.2,mCal,0.8756613756613756
7,25,0.2,Flex,0.8689011455239711
7,25,0.5,Cal,0.9159727479182439
7,25,0.5,mCal,0.9157175398633257
7,25,0.5,Flex,0.904029304029304
7,25,0.8,Cal,0.9291521486643438
7,25,0.8,mCal,0.9291521486643438
7,25,0.8,Flex,0.9363128491620111
8,5,0.2,Cal,0.7056381874783813
8,5,0.2,mCal,0.7178683385579937
8,5,0.2,Flex,0.6999648258881463
8,5,0.5,Cal,0.7449259462424576
8,5,0.5,mCal,0.7549295774647886
8,5,0.5,Flex,0.7297152068780225
8,5,0.8,Cal,0.7492211838006232
8,5,0.8,mCal,0.7545098039215686
8,5,0.8,Flex,0.7492211838006232
8,10,0.2,Cal,0.7920560747663551
8,10,0.2,mCal,0.7936636880584892
8,10,0.2,Flex,0.7837626854020296
8,10,0.5,Cal,0.8401826484018263
8,10,0.5,mCal,0.8436268068331143
8,10,0.5,Flex,0.8286604361370716
8,10,0.8,Cal,0.8583078491335372
8,10,0.8,mCal,0.8583078491335372
8,10,0.8,Flex,0.8417132216014896
8,25,0.2,Cal,0.8769435806308307
8,25,0.2,mCal,0.882882882882883
8,25,0.2,Flex,0.8680555555555556
8,25,0.5,Cal,0.8957703927492446
8,25,0.5,mCal,0.899696048632219
8,25,0.5,Flex,0.8934306569343066
8,25,0.8,Cal,0.8939213349225268
8,25,0.8,mCal,0.8949880668257757
8,25,0.8,Flex,0.8998849252013809
9,5,0.2,Cal,0.7080028839221343
9,5,0.2,mCal,0.703099510603589
9,5,0.2,Flex,0.7062271062271062
9,5,0.5,Cal,0.7539085118702954
9,5,0.5,mCal,0.7603305785123967
9,5,0.5,Flex,0.7394007914075749
9,5,0.8,Cal,0.7693588676103248
9,5,0.8,mCal,0.779746835443038
9,5,0.8,Flex,0.7680798004987531
9,10,0.2,Cal,0.77632101708383
9,10,0.2,mCal,0.775206611570248
9,10,0.2,Flex,0.7625842251288149
9,10,0.5,Cal,0.8492392807745505
9,10,0.5,mCal,0.854152128401954
9,10,0.5,Flex,0.8361730013106161
9,10,0.8,Cal,0.8635437881873728
9,10,0.8,mCal,0.8635437881873728
9,10,0.8,Flex,0.8568683957732949
9,25,0.2,Cal,0.8699592206615314
9,25,0.2,mCal,0.8698035632709
9,25,0.2,Flex,0.8618101545253863
9,25,0.5,Cal,0.9165378670788253
9,25,0.5,mCal,0.9179566563467493
9,25,0.5,Flex,0.9149736644093303
9,25,0.8,Cal,0.9304932735426009
9,25,0.8,mCal,0.9292929292929293
9,25,0.8,Flex,0.9355191256830602
10,5,0.2,Cal,0.6955287437899219
10,5,0.2,mCal,0.6999597261377366
10,5,0.2,Flex,0.6956209619526201
10,5,0.5,Cal,0.7497129735935706
10,5,0.5,mCal,0.7451442024720424
10,5,0.5,Flex,0.7312430011198208
10,5,0.8,Cal,0.783387622149837
10,5,0.8,mCal,0.7917695473251029
10,5,0.8,Flex,0.7805668016194331
10,10,0.2,Cal,0.784879189399844
10,10,0.2,mCal,0.7839805825242718
10,10,0.2,Flex,0.7722308892355694
10,10,0.5,Cal,0.8409846972721224
10,10,0.5,mCal,0.8481182795698924
10,10,0.5,Flex,0.8320707070707071
10,10,0.8,Cal,0.8790322580645161
10,10,0.8,mCal,0.8790322580645161
10,10,0.8,Flex,0.8688372093023257
10,25,0.2,Cal,0.8736335811106252
10,25,0.2,mCal,0.8687138406764575
10,25,0.2,Flex,0.8664662945470158
10,25,0.5,Cal,0.9064856711915535
10,25,0.5,mCal,0.9077155824508321
10,25,0.5,Flex,0.9015317286652079
10,25,0.8,Cal,0.9136939010356732
10,25,0.8,mCal,0.9122401847575057
10,25,0.8,Flex,0.9113082039911309
11,5,0.2,Cal,0.6959628438728117
11,5,0.2,mCal,0.6977491961414791
11,5,0.2,Flex,0.6963123644251628
11,5,0.5,Cal,0.7571265678449258
11,5,0.5,mCal,0.762801648028252
11,5,0.5,Flex,0.747191011235955
11,5,0.8,Cal,0.791044776119403
11,5,0.8,mCal,0.7956630525437866
11,5,0.8,Flex,0.7884297520661158
11,10,0.2,Cal,0.7838999609222351
11,10,0.2,mCal,0.7849939491730537
11,10,0.2,Flex,0.7710843373493974
11,10,0.5,Cal,0.8288659793814432
11,10,0.5,mCal,0.8328729281767957
11,10,0.5,Flex,0.8031088082901554
11,10,0.8,Cal,0.8598930481283423
11,10,0.8,mCal,0.8598930481283423
11,10,0.8,Flex,0.8334956183057448
11,25,0.2,Cal,0.8546255506607929
11,25,0.2,mCal,0.8543342269883825
11,25,0.2,Flex,0.849633778543731
11,25,0.5,Cal,0.9089506172839507
11,25,0.5,mCal,0.9071207430340558
11,25,0.5,Flex,0.9028400597907325
11,25,0.8,Cal,0.9036144578313253
11,25,0.8,mCal,0.9036144578313253
11,25,0.8,Flex,0.9143518518518519
12,5,0.2,Cal,0.6860043509789703
12,5,0.2,mCal,0.702834008097166
12,5,0.2,Flex,0.685965555148406
12,5,0.5,Cal,0.7539149888143177
12,5,0.5,mCal,0.761631246410109
12,5,0.5,Flex,0.7406593406593406
12,5,0.8,Cal,0.769835035349568
12,5,0.8,mCal,0.7759303246239112
12,5,0.8,Flex,0.769835035349568
12,10,0.2,Cal,0.7710261569416499
12,10,0.2,mCal,0.7650780261493041
12,10,0.2,Flex,0.7546868767451137
12,10,0.5,Cal,0.8444119795471148
12,10,0.5,mCal,0.8506254598969831
12,10,0.5,Flex,0.8306841741534209
12,10,0.8,Cal,0.8646188850967007
12,10,0.8,mCal,0.8646188850967007
12,10,0.8,Flex,0.8456790123456791
12,25,0.2,Cal,0.8809318377911992
12,25,0.2,mCal,0.8774080560420315
12,25,0.2,Flex,0.876271186440678
12,25,0.5,Cal,0.8996336996336997
12,25,0.5,mCal,0.8998527245949928
12,25,0.5,Flex,0.9006342494714588
12,25,0.8,Cal,0.9005847953216374
12,25,0.8,mCal,0.9005847953216374
12,25,0.8,Flex,0.910935738444194
13,5,0.2,Cal,0.6711743772241994
13,5,0.2,mCal,0.6696758309396799
13,5,0.2,Flex,0.6671506352087114
13,5,0.5,Cal,0.7268464243845252
13,5,0.5,mCal,0.7312086590499098
13,5,0.5,Flex,0.7129735935706085
13,5,0.8,Cal,0.7630662020905923
13,5,0.8,mCal,0.7697715289982425
13,5,0.8,Flex,0.7617391304347826
13,10,0.2,Cal,0.7917329093799682
13,10,0.2,mCal,0.7862468931234465
13,10,0.2,Flex,0.7807190833662584
13,10,0.5,Cal,0.827681660899654
13,10,0.5,mCal,0.8326359832635983
13,10,0.5,Flex,0.8168089297439264
13,10,0.8,Cal,0.8583509513742071
13,10,0.8,mCal,0.8583509513742071
13,10,0.8,Flex,0.8428158148505305
13,25,0.2,Cal,0.863951473136915
13,25,0.2,mCal,0.8676923076923077
13,25,0.2,Flex,0.8624946785866326
13,25,0.5,Cal,0.9138305575669805
13,25,0.5,mCal,0.9141193595342066
13,25,0.5,Flex,0.9092178770949721
13,25,0.8,Cal,0.907469342251951
13,25,0.8,mCal,0.907469342251951
13,25,0.8,Flex,0.9149623250807319
14,5,0.2,Cal,0.7090847226947943
14,5,0.2,mCal,0.7064676616915424
14,5,0.2,Flex,0.7038062283737024
14,5,0.5,Cal,0.7611379495437467
14,5,0.5,mCal,0.7720264317180617
14,5,0.5,Flex,0.7501320655044903
14,5,0.8,Cal,0.7978395061728395
14,5,0.8,mCal,0.8046692607003891
14,5,0.8,Flex,0.794162826420891
14,10,0.2,Cal,0.7724477244772446
14,10,0.2,mCal,0.7745516652433817
14,10,0.2,Flex,0.760081466395112
14,10,0.5,Cal,0.8284457478005867
14,10,0.5,mCal,0.8339483394833949
14,10,0.5,Flex,0.8148148148148148
14,10,0.8,Cal,0.8380281690140846
14,10,0.8,mCal,0.8380281690140846
14,10,0.8,Flex,0.8413205537806177
14,25,0.2,Cal,0.8852596314907873
14,25,0.2,mCal,0.8833474218089603
14,25,0.2,Flex,0.8811881188118812
14,25,0.5,Cal,0.915977961432507
14,25,0.5,mCal,0.9177608845888044
14,25,0.5,Flex,0.9070234113712373
14,25,0.8,Cal,0.9225941422594142
14,25,0.8,mCal,0.9225941422594142
14,25,0.8,Flex,0.932527693856999
15,5,0.2,Cal,0.700646087580761
15,5,0.2,mCal,0.7119871279163316
15,5,0.2,Flex,0.6977761574917973
15,5,0.5,Cal,0.7654741624077228
15,5,0.5,mCal,0.7738927738927738
15,5,0.5,Flex,0.7504168982768205
15,5,0.8,Cal,0.7720706260032103
15,5,0.8,mCal,0.7821138211382115
15,5,0.8,Flex,0.7714514835605453
15,10,0.2,Cal,0.7808383233532934
15,10,0.2,mCal,0.7766179540709813
15,10,0.2,Flex,0.7691076430572229
15,10,0.5,Cal,0.839112343966713
15,10,0.5,mCal,0.8425472358292512
15,10,0.5,Flex,0.8187830687830688
15,10,0.8,Cal,0.8478260869565218
15,10,0.8,mCal,0.8478260869565218
15,10,0.8,Flex,0.8477611940298508
15,25,0.2,Cal,0.874777975133215
15,25,0.2,mCal,0.8728089887640449
15,25,0.2,Flex,0.870842332613391
15,25,0.5,Cal,0.9192452830188679
15,25,0.5,mCal,0.9191232048374905
15,25,0.5,Flex,0.9193899782135075
15,25,0.8,Cal,0.9287356321839081
15,25,0.8,mCal,0.9275028768699655
15,25,0.8,Flex,0.9314159292035399
16,5,0.2,Cal,0.6864035087719299
16,5,0.2,mCal,0.6946847960444993
16,5,0.2,Flex,0.6855862584017924
16,5,0.5,Cal,0.735191637630662
16,5,0.5,mCal,0.7427557658190419
16,5,0.5,Flex,0.7187323146576117
16,5,0.8,Cal,0.772344013490725
16,5,0.8,mCal,0.7855917667238422
16,5,0.8,Flex,0.7697478991596638
16,10,0.2,Cal,0.7719159063863547
16,10,0.2,mCal,0.773081657775954
16,10,0.2,Flex,0.7619795758051846
16,10,0.5,Cal,0.8593639575971731
16,10,0.5,mCal,0.8607954545454546
16,10,0.5,Flex,0.8428860418071477
16,10,0.8,Cal,0.869179600886918
16,10,0.8,mCal,0.869179600886918
16,10,0.8,Flex,0.8452982810920122
16,25,0.2,Cal,0.8573928258967628
16,25,0.2,mCal,0.8572695035460993
16,25,0.2,Flex,0.8572638712409996
16,25,0.5,Cal,0.9176829268292682
16,25,0.5,mCal,0.918133129303749
16,25,0.5,Flex,0.9084139985107967
16,25,0.8,Cal,0.9053892215568862
16,25,0.8,mCal,0.9053892215568862
16,25,0.8,Flex,0.9054842473745623
17,5,0.2,Cal,0.6809557273366128
17,5,0.2,mCal,0.698348771647201
17,5,0.2,Flex,0.6804123711340206
17,5,0.5,Cal,0.7312320916905444
17,5,0.5,mCal,0.7324766355140186
17,5,0.5,Flex,0.7195053400786959
17,5,0.8,Cal,0.7506471095772217
17,5,0.8,mCal,0.7565217391304346
17,5,0.8,Flex,0.7480653482373172
17,10,0.2,Cal,0.7871267933307483
17,10,0.2,mCal,0.7871649065800163
17,10,0.2,Flex,0.7773467804499613
17,10,0.5,Cal,0.8337874659400546
17,10,0.5,mCal,0.8371134020618556
17,10,0.5,Flex,0.8106355382619975
17,10,0.8,Cal,0.8763326226012792
17,10,0.8,mCal,0.8763326226012792
17,10,0.8,Flex,0.8624390243902439
17,25,0.2,Cal,0.8721675929884567
17,25,0.2,mCal,0.8738621586475943
17,25,0.2,Flex,0.8695652173913044
17,25,0.5,Cal,0.9126925898752751
17,25,0.5,mCal,0.9108327192336035
17,25,0.5,Flex,0.9041487839771103
17,25,0.8,Cal,0.9266155531215772
17,25,0.8,mCal,0.9266155531215772
17,25,0.8,Flex,0.928495197438634
18,5,0.2,Cal,0.6942743968311127
18,5,0.2,mCal,0.6996699669966997
18,5,0.2,Flex,0.693235831809872
18,5,0.5,Cal,0.7472009428403065
18,5,0.5,mCal,0.7516457211250748
18,5,0.5,Flex,0.7358053302433373
18,5,0.8,Cal,0.778588807785888
18,5,0.8,mCal,0.7868852459016394
18,5,0.8,Flex,0.7760711398544867
18,10,0.2,Cal,0.7779503105590062
18,10,0.2,mCal,0.7738814993954051
18,10,0.2,Flex,0.762934362934363
18,10,0.5,Cal,0.8296296296296296
18,10,0.5,mCal,0.8323150033944331
18,10,0.5,Flex,0.8216355441081777
18,10,0.8,Cal,0.8556375131717598
18,10,0.8,mCal,0.8556375131717598
18,10,0.8,Flex,0.8433268858800775
18,25,0.2,Cal,0.8775767774505678
18,25,0.2,mCal,0.879932117098006
18,25,0.2,Flex,0.8761354252683733
18,25,0.5,Cal,0.9013678905687545
18,25,0.5,mCal,0.9026676279740448
18,25,0.5,Flex,0.9001386962552012
18,25,0.8,Cal,0.9318681318681319
18,25,0.8,mCal,0.9318681318681319
18,25,0.8,Flex,0.9273504273504274
19,5,0.2,Cal,0.6973365617433414
19,5,0.2,mCal,0.6949352179034157
19,5,0.2,Flex,0.6963534361851332
19,5,0.5,Cal,0.7498613422074321
19,5,0.5,mCal,0.7556818181818181
19,5,0.5,Flex,0.7346717308735757
19,5,0.8,Cal,0.7739403453689168
19,5,0.8,mCal,0.7800632911392406
19,5,0.8,Flex,0.7727272727272727
19,10,0.2,Cal,0.7798792756539236
19,10,0.2,mCal,0.7729752412924886
19,10,0.2,Flex,0.7670795045944867
19,10,0.5,Cal,0.8487031700288186
19,10,0.5,mCal,0.8498912255257434
19,10,0.5,Flex,0.8317373461012312
19,10,0.8,Cal,0.8562162162162162
19,10,0.8,mCal,0.8562162162162162
19,10,0.8,Flex,0.842315369261477
19,25,0.2,Cal,0.8652802893309223
19,25,0.2,mCal,0.8627630375114363
19,25,0.2,Flex,0.8601864181091878
19,25,0.5,Cal,0.9047981721249048
19,25,0.5,mCal,0.9046529366895499
19,25,0.5,Flex,0.9076127124907611
19,25,0.8,Cal,0.9321058688147296
19,25,0.8,mCal,0.9308755760368664
19,25,0.8,Flex,0.9351230425055929
20,5,0.2,Cal,0.6959361393323659
20,5,0.2,mCal,0.6964725184577524
20,5,0.2,Flex,0.6936373666789262
20,5,0.5,Cal,0.742086752637749
20,5,0.5,mCal,0.7459459459459459
20,5,0.5,Flex,0.7255014326647564
20,5,0.8,Cal,0.7880299251870325
20,5,0.8,mCal,0.795969773299748
20,5,0.8,Flex,0.7873754152823921
20,10,0.2,Cal,0.7682826622843056
20,10,0.2,mCal,0.7621107266435986
20,10,0.2,Flex,0.750814332247557
20,10,0.5,Cal,0.835066864784547
20,10,0.5,mCal,0.8444778362133732
20,10,0.5,Flex,0.8226950354609929
20,10,0.8,Cal,0.8314350797266515
20,10,0.8,mCal,0.8314350797266515
20,10,0.8,Flex,0.8310598111227702
20,25,0.2,Cal,0.8784313725490196
20,25,0.2,mCal,0.880564125165271
20,25,0.2,Flex,0.8832054560954816
20,25,0.5,Cal,0.9090909090909091
20,25,0.5,mCal,0.9081779053084648
20,25,0.5,Flex,0.9107391910739192
20,25,0.8,Cal,0.9222222222222223
20,25,0.8,mCal,0.9232480533926586
20,25,0.8,Flex,0.924548352816153
21,5,0.2,Cal,0.6965317919075146
21,5,0.2,mCal,0.7157980456026058
21,5,0.2,Flex,0.6955882352941176
21,5,0.5,Cal,0.7659817351598175
21,5,0.5,mCal,0.7713950762016412
21,5,0.5,Flex,0.756179775280899
21,5,0.8,Cal,0.7757085020242915
21,5,0.8,mCal,0.788477366255144
21,5,0.8,Flex,0.7757085020242915
21,10,0.2,Cal,0.773746432939258
21,10,0.2,mCal,0.7768313458262353
21,10,0.2,Flex,0.7669784465229769
21,10,0.5,Cal,0.8646723646723645
21,10,0.5,mCal,0.8680057388809181
21,10,0.5,Flex,0.8501362397820164
21,10,0.8,Cal,0.8491379310344827
21,10,0.8,mCal,0.8491379310344827
21,10,0.8,Flex,0.841683366733467
21,25,0.2,Cal,0.8943572337717437
21,25,0.2,mCal,0.889079965606191
21,25,0.2,Flex,0.888610763454318
21,25,0.5,Cal,0.9045584045584045
21,25,0.5,mCal,0.9036402569593147
21,25,0.5,Flex,0.8973121984838042
21,25,0.8,Cal,0.9129943502824859
21,25,0.8,mCal,0.9129943502824859
21,25,0.8,Flex,0.9059080962800875
22,5,0.2,Cal,0.6862271315153607
22,5,0.2,mCal,0.7008945935433682
22,5,0.2,Flex,0.685754189944134
22,5,0.5,Cal,0.7597330367074526
22,5,0.5,mCal,0.7615780445969126
22,5,0.5,Flex,0.7430744160782183
22,5,0.8,Cal,0.7679259830377794
22,5,0.8,mCal,0.7781250000000001
22,5,0.8,Flex,0.7667436489607391
22,10,0.2,Cal,0.7996755879967559
22,10,0.2,mCal,0.7939824488090262
22,10,0.2,Flex,0.7788461538461539
22,10,0.5,Cal,0.8403122782114976
22,10,0.5,mCal,0.8432355046528276
22,10,0.5,Flex,0.8150638870208474
22,10,0.8,Cal,0.8762109795479008
22,10,0.8,mCal,0.8762109795479008
22,10,0.8,Flex,0.8546341463414634
22,25,0.2,Cal,0.8735433750539491
22,25,0.2,mCal,0.8728702490170381
22,25,0.2,Flex,0.8704487722269263
22,25,0.5,Cal,0.9160530191458026
22,25,0.5,mCal,0.912850812407681
22,25,0.5,Flex,0.9124820659971307
22,25,0.8,Cal,0.919952210274791
22,25,0.8,mCal,0.919952210274791
22,25,0.8,Flex,0.9166666666666667
23,5,0.2,Cal,0.6790490341753342
23,5,0.2,mCal,0.6985324947589098
23,5,0.2,Flex,0.676737160120846
23,5,0.5,Cal,0.7455621301775147
23,5,0.5,mCal,0.7507617306520414
23,5,0.5,Flex,0.7290583477758521
23,5,0.8,Cal,0.7754415475189235
23,5,0.8,mCal,0.7893835616438356
23,5,0.8,Flex,0.7741393786733838
23,10,0.2,Cal,0.7846153846153846
23,10,0.2,mCal,0.7878532264867145
23,10,0.2,Flex,0.77140549273021
23,10,0.5,Cal,0.8592896174863389
23,10,0.5,mCal,0.8618556701030928
23,10,0.5,Flex,0.8479262672811061
23,10,0.8,Cal,0.8849740932642487
23,10,0.8,mCal,0.8849740932642487
23,10,0.8,Flex,0.8709677419354838
23,25,0.2,Cal,0.8557817236899091
23,25,0.2,mCal,0.8590250329380764
23,25,0.2,Flex,0.8581138487680544
23,25,0.5,Cal,0.9080206033848419
23,25,0.5,mCal,0.9084194977843426
23,25,0.5,Flex,0.9110473457675754
23,25,0.8,Cal,0.8986175115207374
23,25,0.8,mCal,0.8986175115207374
23,25,0.8,Flex,0.9098998887652947
24,5,0.2,Cal,0.7053380782918149
24,5,0.2,mCal,0.7067424857839155
24,5,0.2,Flex,0.707492795389049
24,5,0.5,Cal,0.7382702091577161
24,5,0.5,mCal,0.7482758620689656
24,5,0.5,Flex,0.725152692948362
24,5,0.8,Cal,0.7600644122383253
24,5,0.8,mCal,0.769356153219234
24,5,0.8,Flex,0.7594529364440867
24,10,0.2,Cal,0.7803443931121378
24,10,0.2,mCal,0.7795722391968574
24,10,0.2,Flex,0.7696817420435511
24,10,0.5,Cal,0.8539985326485694
24,10,0.5,mCal,0.8552437223042836
24,10,0.5,Flex,0.8296089385474861
24,10,0.8,Cal,0.8596112311015119
24,10,0.8,mCal,0.8596112311015119
24,10,0.8,Flex,0.8464646464646465
24,25,0.2,Cal,0.8727583262169086
24,25,0.2,mCal,0.8725532840365378
24,25,0.2,Flex,0.8733221476510068
24,25,0.5,Cal,0.904089219330855
24,25,0.5,mCal,0.9039463886820551
24,25,0.5,Flex,0.898488120950324
24,25,0.8,Cal,0.911452184179457
24,25,0.8,mCal,0.9125295508274232
24,25,0.8,Flex,0.9220489977728286
25,5,0.2,Cal,0.7035490605427974
25,5,0.2,mCal,0.706725029844807
25,5,0.2,Flex,0.6991181657848324
25,5,0.5,Cal,0.760485651214128
25,5,0.5,mCal,0.7584269662921348
25,5,0.5,Flex,0.7490514905149052
25,5,0.8,Cal,0.75984555984556
25,5,0.8,mCal,0.76875
25,5,0.8,Flex,0.7592592592592593
25,10,0.2,Cal,0.7968190854870775
25,10,0.2,mCal,0.7866004962779156
25,10,0.2,Flex,0.7854602923745555
25,10,0.5,Cal,0.8525252525252526
25,10,0.5,mCal,0.8590878148400272
25,10,0.5,Flex,0.8420373952288845
25,10,0.8,Cal,0.8543689320388349
25,10,0.8,mCal,0.8543689320388349
25,10,0.8,Flex,0.8486017357762777
25,25,0.2,Cal,0.8625678119349005
25,25,0.2,mCal,0.8664525011473153
25,25,0.2,Flex,0.8580246913580246
25,25,0.5,Cal,0.9058365758754864
25,25,0.5,mCal,0.9071038251366119
25,25,0.5,Flex,0.9008327024981075
25,25,0.8,Cal,0.9283196239717979
25,25,0.8,mCal,0.9283196239717979
25,25,0.8,Flex,0.9315068493150686
26,5,0.2,Cal,0.6928728875826597
26,5,0.2,mCal,0.6995850622406639
26,5,0.2,Flex,0.6930249906751211
26,5,0.5,Cal,0.7481005260081823
26,5,0.5,mCal,0.751348112642301
26,5,0.5,Flex,0.7375071797817345
26,5,0.8,Cal,0.7661691542288557
26,5,0.8,mCal,0.7751677852348993
26,5,0.8,Flex,0.7649006622516556
26,10,0.2,Cal,0.7840954274353877
26,10,0.2,mCal,0.7790262172284644
26,10,0.2,Flex,0.7734282325029656
26,10,0.5,Cal,0.8479571332886804
26,10,0.5,mCal,0.8529014844804318
26,10,0.5,Flex,0.8331193838254172
26,10,0.8,Cal,0.8748728382502543
26,10,0.8,mCal,0.8748728382502543
26,10,0.8,Flex,0.8628192999053926
26,25,0.2,Cal,0.8736756316218418
26,25,0.2,mCal,0.8736105393165912
26,25,0.2,Flex,0.8690095846645367
26,25,0.5,Cal,0.8950953678474115
26,25,0.5,mCal,0.8920765027322404
26,25,0.5,Flex,0.8930232558139535
26,25,0.8,Cal,0.9270729270729271
26,25,0.8,mCal,0.926
26,25,0.8,Flex,0.927536231884058
27,5,0.2,Cal,0.6926503340757237
27,5,0.2,mCal,0.7060768912773874
27,5,0.2,Flex,0.6935240963855422
27,5,0.5,Cal,0.7429577464788734
27,5,0.5,mCal,0.7468581687612208
27,5,0.5,Flex,0.7305045871559632
27,5,0.8,Cal,0.7745571658615137
27,5,0.8,mCal,0.7821138211382115
27,5,0.8,Flex,0.7720706260032103
27,10,0.2,Cal,0.7669543773119605
27,10,0.2,mCal,0.7632478632478633
27,10,0.2,Flex,0.7573770491803278
27,10,0.5,Cal,0.8461538461538461
27,10,0.5,mCal,0.8521229868228405
27,10,0.5,Flex,0.8225584594222833
27,10,0.8,Cal,0.8493771234428085
27,10,0.8,mCal,0.8493771234428085
27,10,0.8,Flex,0.8331627430910952
27,25,0.2,Cal,0.8803418803418802
27,25,0.2,mCal,0.8814589665653495
27,25,0.2,Flex,0.8777219430485762
27,25,0.5,Cal,0.907514450867052
27,25,0.5,mCal,0.9093546047860769
27,25,0.5,Flex,0.8999300209937018
27,25,0.8,Cal,0.9210526315789473
27,25,0.8,mCal,0.9210526315789473
27,25,0.8,Flex,0.9204665959703076
28,5,0.2,Cal,0.6963179001093692
28,5,0.2,mCal,0.6973084886128365
28,5,0.2,Flex,0.6972952945535384
28,5,0.5,Cal,0.7395459976105138
28,5,0.5,mCal,0.7373552711761121
28,5,0.5,Flex,0.7217694994179279
28,5,0.8,Cal,0.7703952901597982
28,5,0.8,mCal,0.7723440134907252
28,5,0.8,Flex,0.7684563758389262
28,10,0.2,Cal,0.7889467360833
28,10,0.2,mCal,0.7893643539675945
28,10,0.2,Flex,0.7755264203416766
28,10,0.5,Cal,0.852233676975945
28,10,0.5,mCal,0.8553633217993079
28,10,0.5,Flex,0.828981723237598
28,10,0.8,Cal,0.8725701943844493
28,10,0.8,mCal,0.8725701943844493
28,10,0.8,Flex,0.848780487804878
28,25,0.2,Cal,0.862971175166297
28,25,0.2,mCal,0.8595859585958595
28,25,0.2,Flex,0.8602430555555555
28,25,0.5,Cal,0.9034220532319391
28,25,0.5,mCal,0.9053435114503817
28,25,0.5,Flex,0.9080206033848418
28,25,0.8,Cal,0.9262672811059908
28,25,0.8,mCal,0.9250288350634372
28,25,0.8,Flex,0.9147982062780269
29,5,0.2,Cal,0.7100840336134453
29,5,0.2,mCal,0.7093949044585987
29,5,0.2,Flex,0.7106851260205894
29,5,0.5,Cal,0.7421171171171171
29,5,0.5,mCal,0.7462340672074159
29,5,0.5,Flex,0.7281767955801104
29,5,0.8,Cal,0.7714748784440842
29,5,0.8,mCal,0.7771428571428571
29,5,0.8,Flex,0.7696038803556992
29,10,0.2,Cal,0.788263283108644
29,10,0.2,mCal,0.7902155887230513
29,10,0.2,Flex,0.7757193535672053
29,10,0.5,Cal,0.848526387936943
29,10,0.5,mCal,0.8525951557093425
29,10,0.5,Flex,0.8236824983734546
29,10,0.8,Cal,0.8503767491926802
29,10,0.8,mCal,0.8503767491926802
29,10,0.8,Flex,0.8457807953443258
29,25,0.2,Cal,0.8778821520068317
29,25,0.2,mCal,0.8810763888888888
29,25,0.2,Flex,0.8798660527417329
29,25,0.5,Cal,0.8864786695589298
29,25,0.5,mCal,0.8816267247639797
29,25,0.5,Flex,0.895774647887324
29,25,0.8,Cal,0.9124854142357061
29,25,0.8,mCal,0.911214953271028
29,25,0.8,Flex,0.9129943502824858
30,5,0.2,Cal,0.6944741532976827
30,5,0.2,mCal,0.6949775418538179
30,5,0.2,Flex,0.692168892096716
30,5,0.5,Cal,0.7456647398843932
30,5,0.5,mCal,0.75222816399287
30,5,0.5,Flex,0.7307692307692307
30,5,0.8,Cal,0.7540453074433657
30,5,0.8,mCal,0.7651888341543515
30,5,0.8,Flex,0.7540453074433657
30,10,0.2,Cal,0.7565603552684699
30,10,0.2,mCal,0.7598142676234699
30,10,0.2,Flex,0.7465808527755431
30,10,0.5,Cal,0.839298245614035
30,10,0.5,mCal,0.8488289567068844
30,10,0.5,Flex,0.8288409703504043
30,10,0.8,Cal,0.8676789587852495
30,10,0.8,mCal,0.8676789587852495
30,10,0.8,Flex,0.8554336989032901
30,25,0.2,Cal,0.8758404303003137
30,25,0.2,mCal,0.8750000000000001
30,25,0.2,Flex,0.8709394205443372
30,25,0.5,Cal,0.9034749034749036
30,25,0.5,mCal,0.9038759689922481
30,25,0.5,Flex,0.8992481203007519
30,25,0.8,Cal,0.9022379269729093
30,25,0.8,mCal,0.9022379269729093
30,25,0.8,Flex,0.9088838268792712
31,5,0.2,Cal,0.7002881844380403
31,5,0.2,mCal,0.7061708214139764
31,5,0.2,Flex,0.6977256052824651
31,5,0.5,Cal,0.7453271028037383
31,5,0.5,mCal,0.7459653317393903
31,5,0.5,Flex,0.7354466858789626
31,5,0.8,Cal,0.7768313458262351
31,5,0.8,mCal,0.7841788478073946
31,5,0.8,Flex,0.7741935483870968
31,10,0.2,Cal,0.7834736036725326
31,10,0.2,mCal,0.7774692582308608
31,10,0.2,Flex,0.7695238095238096
31,10,0.5,Cal,0.8591823491239456
31,10,0.5,mCal,0.8591916558018253
31,10,0.5,Flex,0.8402734617775016
31,10,0.8,Cal,0.852
31,10,0.8,mCal,0.852
31,10,0.8,Flex,0.8500914076782451
31,25,0.2,Cal,0.8655937364071334
31,25,0.2,mCal,0.8672254080282311
31,25,0.2,Flex,0.8678283042923928
31,25,0.5,Cal,0.9153046062407133
31,25,0.5,mCal,0.9156086631814787
31,25,0.5,Flex,0.9047959914101646
31,25,0.8,Cal,0.9182242990654206
31,25,0.8,mCal,0.9182242990654206
31,25,0.8,Flex,0.927601809954751
32,5,0.2,Cal,0.7010526315789474
32,5,0.2,mCal,0.7121332275971453
32,5,0.2,Flex,0.6993255236066738
32,5,0.5,Cal,0.7512301804264625
32,5,0.5,mCal,0.754907459338194
32,5,0.5,Flex,0.7401828940290479
32,5,0.8,Cal,0.7360248447204968
32,5,0.8,mCal,0.7412040656763096
32,5,0.8,Flex,0.7314814814814815
32,10,0.2,Cal,0.7857432158768731
32,10,0.2,mCal,0.7878532264867145
32,10,0.2,Flex,0.7762630312750602
32,10,0.5,Cal,0.8516218081435473
32,10,0.5,mCal,0.8561501042390548
32,10,0.5,Flex,0.8376068376068376
32,10,0.8,Cal,0.8619246861924686
32,10,0.8,mCal,0.8619246861924686
32,10,0.8,Flex,0.8549471661863592
32,25,0.2,Cal,0.8743718592964823
32,25,0.2,mCal,0.8758503401360545
32,25,0.2,Flex,0.8708487084870848
32,25,0.5,Cal,0.9037900874635568
32,25,0.5,mCal,0.902046783625731
32,25,0.5,Flex,0.8993666432090078
32,25,0.8,Cal,0.8816705336426914
32,25,0.8,mCal,0.8803716608594657
32,25,0.8,Flex,0.8901220865704772
33,5,0.2,Cal,0.6978215038650737
33,5,0.2,mCal,0.7115839243498818
33,5,0.2,Flex,0.699215965787598
33,5,0.5,Cal,0.766901027582477
33,5,0.5,mCal,0.7718715393133998
33,5,0.5,Flex,0.7522546419098143
33,5,0.8,Cal,0.7715179968701095
33,5,0.8,mCal,0.7800632911392404
33,5,0.8,Flex,0.7691107644305771
33,10,0.2,Cal,0.7709768950141873
33,10,0.2,mCal,0.7697536108751063
33,10,0.2,Flex,0.7607811228641173
33,10,0.5,Cal,0.8431372549019608
33,10,0.5,mCal,0.8468595624558928
33,10,0.5,Flex,0.8237650200267024
33,10,0.8,Cal,0.8604407135362016
33,10,0.8,mCal,0.8604407135362016
33,10,0.8,Flex,0.859903381642512
33,25,0.2,Cal,0.8789808917197451
33,25,0.2,mCal,0.8801031370863774
33,25,0.2,Flex,0.8791026173660158
33,25,0.5,Cal,0.9073529411764706
33,25,0.5,mCal,0.9064112011790715
33,25,0.5,Flex,0.9093525179856116
33,25,0.8,Cal,0.9082240762812872
33,25,0.8,mCal,0.9080047789725209
33,25,0.8,Flex,0.8990825688073394
34,5,0.2,Cal,0.6791208791208792
34,5,0.2,mCal,0.6838868388683887
34,5,0.2,Flex,0.6775753068055039
34,5,0.5,Cal,0.7305669199298658
34,5,0.5,mCal,0.7291169451073986
34,5,0.5,Flex,0.718358038768529
34,5,0.8,Cal,0.7274290627687016
34,5,0.8,mCal,0.7362924281984333
34,5,0.8,Flex,0.7261802575107297
34,10,0.2,Cal,0.7799259563965445
34,10,0.2,mCal,0.7799227799227799
34,10,0.2,Flex,0.7684729064039407
34,10,0.5,Cal,0.8489736070381231
34,10,0.5,mCal,0.8508124076809453
34,10,0.5,Flex,0.8352112676056338
34,10,0.8,Cal,0.851894374282434
34,10,0.8,mCal,0.851894374282434
34,10,0.8,Flex,0.850261780104712
34,25,0.2,Cal,0.8595782862270076
34,25,0.2,mCal,0.856492027334852
34,25,0.2,Flex,0.8609039052215884
34,25,0.5,Cal,0.9173745173745174
34,25,0.5,mCal,0.9178294573643411
34,25,0.5,Flex,0.9205147615442846
34,25,0.8,Cal,0.9198606271777003
34,25,0.8,mCal,0.9186046511627907
34,25,0.8,Flex,0.9137737961926092
35,5,0.2,Cal,0.6938923021322732
35,5,0.2,mCal,0.7016393442622951
35,5,0.2,Flex,0.6857562408223201
35,5,0.5,Cal,0.7645687645687645
35,5,0.5,mCal,0.7724550898203594
35,5,0.5,Flex,0.7528604118993135
35,5,0.8,Cal,0.772344013490725
35,5,0.8,mCal,0.7775891341256368
35,5,0.8,Flex,0.771043771043771
35,10,0.2,Cal,0.7881355932203389
35,10,0.2,mCal,0.7900839664134346
35,10,0.2,Flex,0.7873894655901577
35,10,0.5,Cal,0.8651102464332037
35,10,0.5,mCal,0.8671875
35,10,0.5,Flex,0.8487865588052271
35,10,0.8,Cal,0.8743914313534566
35,10,0.8,mCal,0.8743914313534566
35,10,0.8,Flex,0.8602150537634409
35,25,0.2,Cal,0.8707964601769911
35,25,0.2,mCal,0.8670260557053009
35,25,0.2,Flex,0.8714161598609905
35,25,0.5,Cal,0.9034690799396682
35,25,0.5,mCal,0.9015151515151516
35,25,0.5,Flex,0.8985294117647059
35,25,0.8,Cal,0.9026963657678782
35,25,0.8,mCal,0.9048178613396004
35,25,0.8,Flex,0.9088863892013497
36,5,0.2,Cal,0.6987249544626594
36,5,0.2,mCal,0.7014492753623188
36,5,0.2,Flex,0.6972273567467653
36,5,0.5,Cal,0.75544794188862
36,5,0.5,mCal,0.7627965043695382
36,5,0.5,Flex,0.7402597402597403
36,5,0.8,Cal,0.78135593220339
36,5,0.8,mCal,0.7873612297181896
36,5,0.8,Flex,0.7787162162162161
36,10,0.2,Cal,0.7875354107648725
36,10,0.2,mCal,0.787473903966597
36,10,0.2,Flex,0.7821901323706377
36,10,0.5,Cal,0.8285514345696292
36,10,0.5,mCal,0.83793347487615
36,10,0.5,Flex,0.8103792415169662
36,10,0.8,Cal,0.8580715059588299
36,10,0.8,mCal,0.8580715059588299
36,10,0.8,Flex,0.8400000000000001
36,25,0.2,Cal,0.8703296703296703
36,25,0.2,mCal,0.8699910952804988
36,25,0.2,Flex,0.8653763440860214
36,25,0.5,Cal,0.8885519332827899
36,25,0.5,mCal,0.8910891089108912
36,25,0.5,Flex,0.8898678414096916
36,25,0.8,Cal,0.9125295508274233
36,25,0.8,mCal,0.9125295508274233
36,25,0.8,Flex,0.897025171624714
37,5,0.2,Cal,0.7037297677691765
37,5,0.2,mCal,0.7112535042050461
37,5,0.2,Flex,0.7001782531194296
37,5,0.5,Cal,0.7420257414661443
37,5,0.5,mCal,0.7491369390103567
37,5,0.5,Flex,0.7293729372937293
37,5,0.8,Cal,0.7662650602409639
37,5,0.8,mCal,0.7712206952303962
37,5,0.8,Flex,0.7638110488390712
37,10,0.2,Cal,0.7825040128410914
37,10,0.2,mCal,0.7777312683131016
37,10,0.2,Flex,0.7659744408945687
37,10,0.5,Cal,0.8418833450456783
37,10,0.5,mCal,0.843441466854725
37,10,0.5,Flex,0.8287808127914722
37,10,0.8,Cal,0.8704883227176221
37,10,0.8,mCal,0.8704883227176221
37,10,0.8,Flex,0.865134865134865
37,25,0.2,Cal,0.8632590650939276
37,25,0.2,mCal,0.8643393725143614
37,25,0.2,Flex,0.8600508905852418
37,25,0.5,Cal,0.9051530993278566
37,25,0.5,mCal,0.9082706766917293
37,25,0.5,Flex,0.8994938539407086
37,25,0.8,Cal,0.923076923076923
37,25,0.8,mCal,0.923076923076923
37,25,0.8,Flex,0.9324618736383443
38,5,0.2,Cal,0.703771512266569
38,5,0.2,mCal,0.7135761589403974
38,5,0.2,Flex,0.7036215816703622
38,5,0.5,Cal,0.7394859813084111
38,5,0.5,mCal,0.7435123717561858
38,5,0.5,Flex,0.7275842375785265
38,5,0.8,Cal,0.7651452282157677
38,5,0.8,mCal,0.7728415758591786
38,5,0.8,Flex,0.7626137303556658
38,10,0.2,Cal,0.7898193760262726
38,10,0.2,mCal,0.7820128479657387
38,10,0.2,Flex,0.7738775510204081
38,10,0.5,Cal,0.8528356066044508
38,10,0.5,mCal,0.8540305010893245
38,10,0.5,Flex,0.8352860096485182
38,10,0.8,Cal,0.868335146898803
38,10,0.8,mCal,0.868335146898803
38,10,0.8,Flex,0.846
38,25,0.2,Cal,0.8722952906236741
38,25,0.2,mCal,0.8730090400344381
38,25,0.2,Flex,0.8783505154639174
38,25,0.5,Cal,0.915680473372781
38,25,0.5,mCal,0.9182763744427935
38,25,0.5,Flex,0.9062276306370795
38,25,0.8,Cal,0.9063231850117096
38,25,0.8,mCal,0.9073856975381009
38,25,0.8,Flex,0.9187986651835373
39,5,0.2,Cal,0.6829268292682927
39,5,0.2,mCal,0.6971476510067114
39,5,0.2,Flex,0.6802218114602587
39,5,0.5,Cal,0.750599520383693
39,5,0.5,mCal,0.7533742331288343
39,5,0.5,Flex,0.738696418085731
39,5,0.8,Cal,0.7557522123893805
39,5,0.8,mCal,0.7597864768683273
39,5,0.8,Flex,0.7550839964633068
39,10,0.2,Cal,0.7721157766000816
39,10,0.2,mCal,0.7706576728499157
39,10,0.2,Flex,0.7565603552684699
39,10,0.5,Cal,0.8339124391938847
39,10,0.5,mCal,0.8360083740404746
39,10,0.5,Flex,0.814182534471438
39,10,0.8,Cal,0.8485499462943071
39,10,0.8,mCal,0.8485499462943071
39,10,0.8,Flex,0.8364717542120912
39,25,0.2,Cal,0.8580441640378549
39,25,0.2,mCal,0.8554491564067488
39,25,0.2,Flex,0.8595406360424029
39,25,0.5,Cal,0.9096340552651233
39,25,0.5,mCal,0.9078651685393259
39,25,0.5,Flex,0.9126637554585153
39,25,0.8,Cal,0.927570093457944
39,25,0.8,mCal,0.927570093457944
39,25,0.8,Flex,0.9303370786516854
40,5,0.2,Cal,0.7019867549668873
40,5,0.2,mCal,0.7112704101951413
40,5,0.2,Flex,0.701271186440678
40,5,0.5,Cal,0.7497168742921856
40,5,0.5,mCal,0.754406580493537
40,5,0.5,Flex,0.7420257414661444
40,5,0.8,Cal,0.7351973684210525
40,5,0.8,mCal,0.7431421446384039
40,5,0.8,Flex,0.7339901477832512
40,10,0.2,Cal,0.7636958299264105
40,10,0.2,mCal,0.7671935070482699
40,10,0.2,Flex,0.7553017944535074
40,10,0.5,Cal,0.8440899202320522
40,10,0.5,mCal,0.8487947406866326
40,10,0.5,Flex,0.8189830508474577
40,10,0.8,Cal,0.8858757062146891
40,10,0.8,mCal,0.8858757062146891
40,10,0.8,Flex,0.8654244306418218
40,25,0.2,Cal,0.8783964365256125
40,25,0.2,mCal,0.8767494356659141
40,25,0.2,Flex,0.8798602009611183
40,25,0.5,Cal,0.9147286821705427
40,25,0.5,mCal,0.9126365054602185
40,25,0.5,Flex,0.9073097211755841
40,25,0.8,Cal,0.9372093023255814
40,25,0.8,mCal,0.9383003492433062
40,25,0.8,Flex,0.9367945823927766
41,5,0.2,Cal,0.7076705549664192
41,5,0.2,mCal,0.7147435897435899
41,5,0.2,Flex,0.7041847041847042
41,5,0.5,Cal,0.7576791808873721
41,5,0.5,mCal,0.7650145772594752
41,5,0.5,Flex,0.7435897435897436
41,5,0.8,Cal,0.7611202635914333
41,5,0.8,mCal,0.7719298245614036
41,5,0.8,Flex,0.7567567567567568
41,10,0.2,Cal,0.7880016214025132
41,10,0.2,mCal,0.7786711807024969
41,10,0.2,Flex,0.7724696356275305
41,10,0.5,Cal,0.8529819694868238
41,10,0.5,mCal,0.856743535988819
41,10,0.5,Flex,0.8429319371727748
41,10,0.8,Cal,0.8534759358288769
41,10,0.8,mCal,0.8534759358288769
41,10,0.8,Flex,0.8500986193293885
41,25,0.2,Cal,0.8658802970729577
41,25,0.2,mCal,0.8671390611160318
41,25,0.2,Flex,0.8559213339033775
41,25,0.5,Cal,0.9013657056145676
41,25,0.5,mCal,0.9012158054711246
41,25,0.5,Flex,0.9089563286454478
41,25,0.8,Cal,0.9330254041570438
41,25,0.8,mCal,0.9341040462427745
41,25,0.8,Flex,0.9450056116722783
42,5,0.2,Cal,0.6841731724627396
42,5,0.2,mCal,0.7059298104074223
42,5,0.2,Flex,0.6841537908731585
42,5,0.5,Cal,0.7385657820440428
42,5,0.5,mCal,0.743321718931475
42,5,0.5,Flex,0.7270705947748749
42,5,0.8,Cal,0.7737226277372262
42,5,0.8,mCal,0.7800490596892886
42,5,0.8,Flex,0.7718446601941747
42,10,0.2,Cal,0.7795950155763239
42,10,0.2,mCal,0.7797019734192508
42,10,0.2,Flex,0.7757153905645785
42,10,0.5,Cal,0.8647214854111406
42,10,0.5,mCal,0.867598137059215
42,10,0.5,Flex,0.8508217446270544
42,10,0.8,Cal,0.8500986193293886
42,10,0.8,mCal,0.8500986193293886
42,10,0.8,Flex,0.8576512455516014
42,25,0.2,Cal,0.8699910952804987
42,25,0.2,mCal,0.8695259593679459
42,25,0.2,Flex,0.8684668989547037
42,25,0.5,Cal,0.9202087994034303
42,25,0.5,mCal,0.9200896191187453
42,25,0.5,Flex,0.9217391304347827
42,25,0.8,Cal,0.9113636363636365
42,25,0.8,mCal,0.9101251422070534
42,25,0.8,Flex,0.9168490153172867
43,5,0.2,Cal,0.706841545551223
43,5,0.2,mCal,0.7079148252310165
43,5,0.2,Flex,0.7071069633883705
43,5,0.5,Cal,0.7691428571428571
43,5,0.5,mCal,0.7713950762016414
43,5,0.5,Flex,0.755331088664422
43,5,0.8,Cal,0.7883683360258481
43,5,0.8,mCal,0.7934959349593496
43,5,0.8,Flex,0.7864625302175664
43,10,0.2,Cal,0.7722616233254531
43,10,0.2,mCal,0.7772317772317773
43,10,0.2,Flex,0.7659741277930223
43,10,0.5,Cal,0.827027027027027
43,10,0.5,mCal,0.832087015635622
43,10,0.5,Flex,0.8223086900129701
43,10,0.8,Cal,0.8516949152542374
43,10,0.8,mCal,0.8516949152542374
43,10,0.8,Flex,0.8499515972894481
43,25,0.2,Cal,0.8679085520745131
43,25,0.2,mCal,0.866236559139785
43,25,0.2,Flex,0.8680497925311204
43,25,0.5,Cal,0.9130111524163569
43,25,0.5,mCal,0.9112602535421327
43,25,0.5,Flex,0.9125090383224873
43,25,0.8,Cal,0.9215017064846417
43,25,0.8,mCal,0.9225512528473804
43,25,0.8,Flex,0.9202185792349727
44,5,0.2,Cal,0.6945244956772335
44,5,0.2,mCal,0.708994708994709
44,5,0.2,Flex,0.6940271161597655
44,5,0.5,Cal,0.7379310344827585
44,5,0.5,mCal,0.7429245283018869
44,5,0.5,Flex,0.7245240761478162
44,5,0.8,Cal,0.7696160267111852
44,5,0.8,mCal,0.7774030354131535
44,5,0.8,Flex,0.76578073089701
44,10,0.2,Cal,0.7815434871376071
44,10,0.2,mCal,0.78135593220339
44,10,0.2,Flex,0.773615635179153
44,10,0.5,Cal,0.8413597733711049
44,10,0.5,mCal,0.8447293447293447
44,10,0.5,Flex,0.8300873069173943
44,10,0.8,Cal,0.8652173913043478
44,10,0.8,mCal,0.8652173913043478
44,10,0.8,Flex,0.8349900596421471
44,25,0.2,Cal,0.8824577025823687
44,25,0.2,mCal,0.8792096991468342
44,25,0.2,Flex,0.8760907504363001
44,25,0.5,Cal,0.8980509745127436
44,25,0.5,mCal,0.897224306076519
44,25,0.5,Flex,0.8971553610503282
44,25,0.8,Cal,0.905615292712067
44,25,0.8,mCal,0.905615292712067
44,25,0.8,Flex,0.9080459770114943
45,5,0.2,Cal,0.7186858316221765
45,5,0.2,mCal,0.7232074016962221
45,5,0.2,Flex,0.7218934911242604
45,5,0.5,Cal,0.7774158523344191
45,5,0.5,mCal,0.7814056447149972
45,5,0.5,Flex,0.7612971823498139
45,5,0.8,Cal,0.7941851568477429
45,5,0.8,mCal,0.7996918335901386
45,5,0.8,Flex,0.7923664122137405
45,10,0.2,Cal,0.7842340511986996
45,10,0.2,mCal,0.7868020304568528
45,10,0.2,Flex,0.7734627831715211
45,10,0.5,Cal,0.8302158273381295
45,10,0.5,mCal,0.834178131788559
45,10,0.5,Flex,0.8150170648464163
45,10,0.8,Cal,0.8946796959826275
45,10,0.8,mCal,0.8946796959826275
45,10,0.8,Flex,0.879432624113475
45,25,0.2,Cal,0.8727590730214255
45,25,0.2,mCal,0.8765541740674955
45,25,0.2,Flex,0.8772080999569152
45,25,0.5,Cal,0.9169139465875371
45,25,0.5,mCal,0.916542473919523
45,25,0.5,Flex,0.9167862266857962
45,25,0.8,Cal,0.9072398190045249
45,25,0.8,mCal,0.9072398190045249
45,25,0.8,Flex,0.9054945054945055
46,5,0.2,Cal,0.7019162526614621
46,5,0.2,mCal,0.7088
46,5,0.2,Flex,0.7015032211882606
46,5,0.5,Cal,0.7535571997723393
46,5,0.5,mCal,0.7611764705882352
46,5,0.5,Flex,0.7403685092127305
46,5,0.8,Cal,0.7642799678197909
46,5,0.8,mCal,0.7717303005686433
46,5,0.8,Flex,0.7618283881315157
46,10,0.2,Cal,0.7613317288407542
46,10,0.2,mCal,0.7618250313938886
46,10,0.2,Flex,0.7536
46,10,0.5,Cal,0.809052333804809
46,10,0.5,mCal,0.8128113879003558
46,10,0.5,Flex,0.7975871313672923
46,10,0.8,Cal,0.8568181818181818
46,10,0.8,mCal,0.8568181818181818
46,10,0.8,Flex,0.835030549898167
46,25,0.2,Cal,0.879045996592845
46,25,0.2,mCal,0.877859300820026
46,25,0.2,Flex,0.876620660811376
46,25,0.5,Cal,0.9167259786476869
46,25,0.5,mCal,0.9144079885877319
46,25,0.5,Flex,0.9121107266435986
46,25,0.8,Cal,0.9206008583690988
46,25,0.8,mCal,0.9206008583690988
46,25,0.8,Flex,0.9311408016443988
47,5,0.2,Cal,0.6938202247191012
47,5,0.2,mCal,0.7200956937799042
47,5,0.2,Flex,0.6944741532976827
47,5,0.5,Cal,0.755750273822563
47,5,0.5,mCal,0.7645739910313902
47,5,0.5,Flex,0.7431635388739948
47,5,0.8,Cal,0.7712933753943217
47,5,0.8,mCal,0.7811501597444089
47,5,0.8,Flex,0.7682639434406913
47,10,0.2,Cal,0.781591263650546
47,10,0.2,mCal,0.7820460978568541
47,10,0.2,Flex,0.768575851393189
47,10,0.5,Cal,0.8501026694045174
47,10,0.5,mCal,0.8543823326432022
47,10,0.5,Flex,0.8321263989466755
47,10,0.8,Cal,0.8596112311015117
47,10,0.8,mCal,0.8596112311015117
47,10,0.8,Flex,0.8389662027833001
47,25,0.2,Cal,0.8798895536125172
47,25,0.2,mCal,0.8776844070961718
47,25,0.2,Flex,0.8782254413761884
47,25,0.5,Cal,0.9089517980107115
47,25,0.5,mCal,0.9102072141212587
47,25,0.5,Flex,0.9065281899109794
47,25,0.8,Cal,0.9154589371980676
47,25,0.8,mCal,0.9154589371980676
47,25,0.8,Flex,0.9220023282887078
48,5,0.2,Cal,0.7097232079488999
48,5,0.2,mCal,0.7108774767488881
48,5,0.2,Flex,0.7076255872786411
48,5,0.5,Cal,0.7537227949599083
48,5,0.5,mCal,0.7636363636363636
48,5,0.5,Flex,0.7392035894559732
48,5,0.8,Cal,0.7867768595041322
48,5,0.8,mCal,0.805414551607445
48,5,0.8,Flex,0.7848309975267931
48,10,0.2,Cal,0.7868217054263564
48,10,0.2,mCal,0.7890056588520613
48,10,0.2,Flex,0.7733230531996917
48,10,0.5,Cal,0.8402447314751869
48,10,0.5,mCal,0.8444139821795751
48,10,0.5,Flex,0.8209718670076726
48,10,0.8,Cal,0.849056603773585
48,10,0.8,mCal,0.849056603773585
48,10,0.8,Flex,0.8328557784145177
48,25,0.2,Cal,0.8759558198810535
48,25,0.2,mCal,0.8754847048685912
48,25,0.2,Flex,0.8756260434056761
48,25,0.5,Cal,0.9048316251830161
48,25,0.5,mCal,0.9058823529411766
48,25,0.5,Flex,0.9034090909090909
48,25,0.8,Cal,0.911731843575419
48,25,0.8,mCal,0.911731843575419
48,25,0.8,Flex,0.9149623250807319
49,5,0.2,Cal,0.7077251690993236
49,5,0.2,mCal,0.7171918627842042
49,5,0.2,Flex,0.708258204111071
49,5,0.5,Cal,0.740909090909091
49,5,0.5,mCal,0.7447306791569086
49,5,0.5,Flex,0.7242524916943521
49,5,0.8,Cal,0.7489433643279797
49,5,0.8,mCal,0.7579127459366981
49,5,0.8,Flex,0.7483108108108109
49,10,0.2,Cal,0.7885532591414943
49,10,0.2,mCal,0.7924061081304169
49,10,0.2,Flex,0.777601270849881
49,10,0.5,Cal,0.8467966573816156
49,10,0.5,mCal,0.8515406162464985
49,10,0.5,Flex,0.8361955085865258
49,10,0.8,Cal,0.8530701754385964
49,10,0.8,mCal,0.8530701754385964
49,10,0.8,Flex,0.8488488488488488
49,25,0.2,Cal,0.8630075858991522
49,25,0.2,mCal,0.8594667871667421
49,25,0.2,Flex,0.8614982578397213
49,25,0.5,Cal,0.9323420074349442
49,25,0.5,mCal,0.9344262295081968
49,25,0.5,Flex,0.9257641921397379
49,25,0.8,Cal,0.9098998887652947
49,25,0.8,mCal,0.9098998887652947
49,25,0.8,Flex,0.9245689655172413
50,5,0.2,Cal,0.6881564650488954
50,5,0.2,mCal,0.7148132950348789
50,5,0.2,Flex,0.6858832224685885
50,5,0.5,Cal,0.7671554252199413
50,5,0.5,mCal,0.76381299332119
50,5,0.5,Flex,0.7525891829689297
50,5,0.8,Cal,0.7565733672603903
50,5,0.8,mCal,0.7617421007685738
50,5,0.8,Flex,0.754653130287648
50,10,0.2,Cal,0.7934083601286173
50,10,0.2,mCal,0.7919966652771988
50,10,0.2,Flex,0.7786198643797367
50,10,0.5,Cal,0.8175582990397805
50,10,0.5,mCal,0.820263705759889
50,10,0.5,Flex,0.8090614886731392
50,10,0.8,Cal,0.8477546549835706
50,10,0.8,mCal,0.8477546549835706
50,10,0.8,Flex,0.8463073852295409
50,25,0.2,Cal,0.8774080560420314
50,25,0.2,mCal,0.8820921985815602
50,25,0.2,Flex,0.8751608751608752
50,25,0.5,Cal,0.9073529411764706
50,25,0.5,mCal,0.9054652880354505
50,25,0.5,Flex,0.9008498583569404
50,25,0.8,Cal,0.8813160987074031
50,25,0.8,mCal,0.8813160987074031
50,25,0.8,Flex,0.8975501113585747
51,5,0.2,Cal,0.7009313556398759
51,5,0.2,mCal,0.7095516569200779
51,5,0.2,Flex,0.700280112044818
51,5,0.5,Cal,0.7437742114001106
51,5,0.5,mCal,0.7446083995459706
51,5,0.5,Flex,0.7283549783549784
51,5,0.8,Cal,0.7586750788643534
51,5,0.8,mCal,0.7653142402545743
51,5,0.8,Flex,0.7568843430369788
51,10,0.2,Cal,0.7827788649706459
51,10,0.2,mCal,0.7849025974025974
51,10,0.2,Flex,0.769529731830548
51,10,0.5,Cal,0.8362892223738063
51,10,0.5,mCal,0.8421778084079945
51,10,0.5,Flex,0.8266841072596468
51,10,0.8,Cal,0.8586387434554973
51,10,0.8,mCal,0.8586387434554973
51,10,0.8,Flex,0.8485436893203883
51,25,0.2,Cal,0.8738379814077025
51,25,0.2,mCal,0.8737078651685394
51,25,0.2,Flex,0.8780911062906724
51,25,0.5,Cal,0.9189189189189189
51,25,0.5,mCal,0.9201807228915664
51,25,0.5,Flex,0.9203798392987582
51,25,0.8,Cal,0.9280898876404494
51,25,0.8,mCal,0.9291338582677166
51,25,0.8,Flex,0.9232432432432433
52,5,0.2,Cal,0.710868079289132
52,5,0.2,mCal,0.716236722306525
52,5,0.2,Flex,0.7034579112818722
52,5,0.5,Cal,0.7489361702127659
52,5,0.5,mCal,0.7551686615886835
52,5,0.5,Flex,0.7374476987447698
52,5,0.8,Cal,0.767123287671233
52,5,0.8,mCal,0.7730061349693252
52,5,0.8,Flex,0.7619047619047619
52,10,0.2,Cal,0.7976923076923077
52,10,0.2,mCal,0.7934739355352168
52,10,0.2,Flex,0.7820758330141708
52,10,0.5,Cal,0.8392261507671782
52,10,0.5,mCal,0.844804318488529
52,10,0.5,Flex,0.8256765261170548
52,10,0.8,Cal,0.8621041879468846
52,10,0.8,mCal,0.8621041879468846
52,10,0.8,Flex,0.8614514608859566
52,25,0.2,Cal,0.8789752650176679
52,25,0.2,mCal,0.8780705672175079
52,25,0.2,Flex,0.8751619870410368
52,25,0.5,Cal,0.9179331306990882
52,25,0.5,mCal,0.9178082191780822
52,25,0.5,Flex,0.9180811808118081
52,25,0.8,Cal,0.9106945975744212
52,25,0.8,mCal,0.9116997792494481
52,25,0.8,Flex,0.9219409282700421
53,5,0.2,Cal,0.6965065502183406
53,5,0.2,mCal,0.6999587288485349
53,5,0.2,Flex,0.6924208977189109
53,5,0.5,Cal,0.7497142857142858
53,5,0.5,mCal,0.7442949093036864
53,5,0.5,Flex,0.7390326209223846
53,5,0.8,Cal,0.7645161290322581
53,5,0.8,mCal,0.7751430907604251
53,5,0.8,Flex,0.7639000805801773
53,10,0.2,Cal,0.782122905027933
53,10,0.2,mCal,0.7802243456584961
53,10,0.2,Flex,0.7707588398887565
53,10,0.5,Cal,0.852367688022284
53,10,0.5,mCal,0.8561403508771931
53,10,0.5,Flex,0.8422442244224423
53,10,0.8,Cal,0.8869752421959095
53,10,0.8,mCal,0.8869752421959095
53,10,0.8,Flex,0.873015873015873
53,25,0.2,Cal,0.8793840889649274
53,25,0.2,mCal,0.8809730668983493
53,25,0.2,Flex,0.8748430305567184
53,25,0.5,Cal,0.9114470842332615
53,25,0.5,mCal,0.9090909090909091
53,25,0.5,Flex,0.9076923076923078
53,25,0.8,Cal,0.9258426966292135
53,25,0.8,mCal,0.9268841394825647
53,25,0.8,Flex,0.9227421109902068
54,5,0.2,Cal,0.697508896797153
54,5,0.2,mCal,0.7078517337584697
54,5,0.2,Flex,0.6940244780417567
54,5,0.5,Cal,0.752808988764045
54,5,0.5,mCal,0.7599309153713298
54,5,0.5,Flex,0.7445983379501384
54,5,0.8,Cal,0.7820408163265307
54,5,0.8,mCal,0.7884773662551441
54,5,0.8,Flex,0.7814029363784665
54,10,0.2,Cal,0.8013002844372207
54,10,0.2,mCal,0.7988115449915111
54,10,0.2,Flex,0.7860016090104586
54,10,0.5,Cal,0.8427762039660056
54,10,0.5,mCal,0.8471428571428571
54,10,0.5,Flex,0.8267026298044504
54,10,0.8,Cal,0.8559411146161935
54,10,0.8,mCal,0.8559411146161935
54,10,0.8,Flex,0.8478900883218842
54,25,0.2,Cal,0.8830591373943976
54,25,0.2,mCal,0.8817204301075269
54,25,0.2,Flex,0.8791304347826087
54,25,0.5,Cal,0.8996960486322189
54,25,0.5,mCal,0.9007633587786259
54,25,0.5,Flex,0.8926720947446336
54,25,0.8,Cal,0.9176470588235294
54,25,0.8,mCal,0.9176470588235294
54,25,0.8,Flex,0.9099201824401368
55,5,0.2,Cal,0.7175572519083969
55,5,0.2,mCal,0.7177260165811292
55,5,0.2,Flex,0.7172462240955392
55,5,0.5,Cal,0.7543859649122806
55,5,0.5,mCal,0.7623318385650223
55,5,0.5,Flex,0.7387580299785867
55,5,0.8,Cal,0.7579273008507347
55,5,0.8,mCal,0.765625
55,5,0.8,Flex,0.7573415765069552
55,10,0.2,Cal,0.7775974025974026
55,10,0.2,mCal,0.7773109243697479
55,10,0.2,Flex,0.7685483870967743
55,10,0.5,Cal,0.8504273504273505
55,10,0.5,mCal,0.8552915766738661
55,10,0.5,Flex,0.8216949152542372
55,10,0.8,Cal,0.8734602463605824
55,10,0.8,mCal,0.8734602463605824
55,10,0.8,Flex,0.8601036269430052
55,25,0.2,Cal,0.8658047258136424
55,25,0.2,mCal,0.8676005422503388
55,25,0.2,Flex,0.8615249780893953
55,25,0.5,Cal,0.8991399530883504
55,25,0.5,mCal,0.8974158183241974
55,25,0.5,Flex,0.9063444108761328
55,25,0.8,Cal,0.9008567931456547
55,25,0.8,mCal,0.9006134969325154
55,25,0.8,Flex,0.9049881235154394
56,5,0.2,Cal,0.6936247723132969
56,5,0.2,mCal,0.7032875572201415
56,5,0.2,Flex,0.6915404506834133
56,5,0.5,Cal,0.7606936416184971
56,5,0.5,mCal,0.7760663507109005
56,5,0.5,Flex,0.749003984063745
56,5,0.8,Cal,0.8052588331963846
56,5,0.8,mCal,0.8146300914380715
56,5,0.8,Flex,0.8039376538146021
56,10,0.2,Cal,0.7663398692810457
56,10,0.2,mCal,0.7644820295983087
56,10,0.2,Flex,0.7432486900443369
56,10,0.5,Cal,0.8543140028288543
56,10,0.5,mCal,0.8585643212508883
56,10,0.5,Flex,0.8356997971602433
56,10,0.8,Cal,0.8910675381263616
56,10,0.8,mCal,0.8910675381263616
56,10,0.8,Flex,0.8689516129032259
56,25,0.2,Cal,0.8615107913669064
56,25,0.2,mCal,0.8613005911778081
56,25,0.2,Flex,0.8583954405962296
56,25,0.5,Cal,0.918429003021148
56,25,0.5,mCal,0.9191232048374905
56,25,0.5,Flex,0.9176470588235294
56,25,0.8,Cal,0.9295774647887325
56,25,0.8,mCal,0.9295774647887325
56,25,0.8,Flex,0.9339407744874716
57,5,0.2,Cal,0.683489545782264
57,5,0.2,mCal,0.6867023466447097
57,5,0.2,Flex,0.6835164835164835
57,5,0.5,Cal,0.7415204678362574
57,5,0.5,mCal,0.7483562462641962
57,5,0.5,Flex,0.7273768613974799
57,5,0.8,Cal,0.7669819432502151
57,5,0.8,mCal,0.7749782797567333
57,5,0.8,Flex,0.7630453378956372
57,10,0.2,Cal,0.7748647523928421
57,10,0.2,mCal,0.7820791648542845
57,10,0.2,Flex,0.7610766045548655
57,10,0.5,Cal,0.8307692307692307
57,10,0.5,mCal,0.8338028169014086
57,10,0.5,Flex,0.8190348525469169
57,10,0.8,Cal,0.8735632183908046
57,10,0.8,mCal,0.8735632183908046
57,10,0.8,Flex,0.8571428571428571
57,25,0.2,Cal,0.8611232041793644
57,25,0.2,mCal,0.8567627494456763
57,25,0.2,Flex,0.8567785805354867
57,25,0.5,Cal,0.9050193050193049
57,25,0.5,mCal,0.9057187017001546
57,25,0.5,Flex,0.90625
57,25,0.8,Cal,0.9228998849252014
57,25,0.8,mCal,0.9228998849252014
57,25,0.8,Flex,0.9204927211646137
58,5,0.2,Cal,0.7140369209334727
58,5,0.2,mCal,0.7165944028379976
58,5,0.2,Flex,0.7063829787234043
58,5,0.5,Cal,0.7570247933884297
58,5,0.5,mCal,0.7638418079096047
58,5,0.5,Flex,0.747844827586207
58,5,0.8,Cal,0.7564102564102564
58,5,0.8,mCal,0.7643724696356275
58,5,0.8,Flex,0.755804643714972
58,10,0.2,Cal,0.7874015748031494
58,10,0.2,mCal,0.7839934667211106
58,10,0.2,Flex,0.7734375000000001
58,10,0.5,Cal,0.8297428769979152
58,10,0.5,mCal,0.8353188507358094
58,10,0.5,Flex,0.8207485226526593
58,10,0.8,Cal,0.8605927552140504
58,10,0.8,mCal,0.8605927552140504
58,10,0.8,Flex,0.8400000000000001
58,25,0.2,Cal,0.8745011086474501
58,25,0.2,mCal,0.87595850248083
58,25,0.2,Flex,0.8711496746203905
58,25,0.5,Cal,0.9174041297935104
58,25,0.5,mCal,0.915680473372781
58,25,0.5,Flex,0.9074074074074074
58,25,0.8,Cal,0.9167591564927857
58,25,0.8,mCal,0.9165739710789765
58,25,0.8,Flex,0.9262472885032538
59,5,0.2,Cal,0.684402332361516
59,5,0.2,mCal,0.6946847960444994
59,5,0.2,Flex,0.6849112426035502
59,5,0.5,Cal,0.7293980128579778
59,5,0.5,mCal,0.7315035799522673
59,5,0.5,Flex,0.7129840546697037
59,5,0.8,Cal,0.7522783761391882
59,5,0.8,mCal,0.7554076539101497
59,5,0.8,Flex,0.7522783761391882
59,10,0.2,Cal,0.7934083601286174
59,10,0.2,mCal,0.7903293038766152
59,10,0.2,Flex,0.7832
59,10,0.5,Cal,0.8382559774964838
59,10,0.5,mCal,0.8421797593772117
59,10,0.5,Flex,0.8129543952412427
59,10,0.8,Cal,0.8411633109619687
59,10,0.8,mCal,0.8411633109619687
59,10,0.8,Flex,0.8232890704800817
59,25,0.2,Cal,0.8768971332209106
59,25,0.2,mCal,0.8736616702355461
59,25,0.2,Flex,0.8751033912324235
59,25,0.5,Cal,0.9044862518089726
59,25,0.5,mCal,0.9068413391557496
59,25,0.5,Flex,0.9089635854341737
59,25,0.8,Cal,0.9049255441008018
59,25,0.8,mCal,0.9049255441008018
59,25,0.8,Flex,0.9124726477024071
60,5,0.2,Cal,0.7019730010384215
60,5,0.2,mCal,0.7092423641412137
60,5,0.2,Flex,0.7030260380014074
60,5,0.5,Cal,0.7383230163196398
60,5,0.5,mCal,0.7386559448592763
60,5,0.5,Flex,0.7199124726477025
60,5,0.8,Cal,0.7731367731367732
60,5,0.8,mCal,0.7775947281713345
60,5,0.8,Flex,0.7718724448078496
60,10,0.2,Cal,0.7614457831325302
60,10,0.2,mCal,0.7570715474209649
60,10,0.2,Flex,0.7510986815821015
60,10,0.5,Cal,0.8507570295602018
60,10,0.5,mCal,0.8519593613933236
60,10,0.5,Flex,0.8381742738589211
60,10,0.8,Cal,0.8568353067814855
60,10,0.8,mCal,0.8568353067814855
60,10,0.8,Flex,0.8472222222222223
60,25,0.2,Cal,0.8777537796976244
60,25,0.2,mCal,0.8760402978537012
60,25,0.2,Flex,0.8799661876584953
60,25,0.5,Cal,0.8995695839311334
60,25,0.5,mCal,0.8968997837058399
60,25,0.5,Flex,0.9073170731707318
60,25,0.8,Cal,0.9078801331853497
60,25,0.8,mCal,0.9066666666666665
60,25,0.8,Flex,0.9139784946236559
61,5,0.2,Cal,0.7319804058782365
61,5,0.2,mCal,0.7414939382088385
61,5,0.2,Flex,0.7266903914590748
61,5,0.5,Cal,0.7801958650707291
61,5,0.5,mCal,0.7857935627081021
61,5,0.5,Flex,0.7675040085515767
61,5,0.8,Cal,0.7760060744115413
61,5,0.8,mCal,0.7825421133231241
61,5,0.8,Flex,0.7748294162244124
61,10,0.2,Cal,0.7866141732283465
61,10,0.2,mCal,0.7884223399918466
61,10,0.2,Flex,0.7790468688460023
61,10,0.5,Cal,0.8362652232746955
61,10,0.5,mCal,0.8405994550408721
61,10,0.5,Flex,0.8248222365869425
61,10,0.8,Cal,0.8598524762908324
61,10,0.8,mCal,0.8598524762908324
61,10,0.8,Flex,0.846153846153846
61,25,0.2,Cal,0.8596568411790586
61,25,0.2,mCal,0.8572702943800178
61,25,0.2,Flex,0.8588640275387264
61,25,0.5,Cal,0.9146810146041506
61,25,0.5,mCal,0.9175019275250577
61,25,0.5,Flex,0.9101796407185629
61,25,0.8,Cal,0.9142156862745099
61,25,0.8,mCal,0.9153374233128836
61,25,0.8,Flex,0.920897284533648
62,5,0.2,Cal,0.6873440285204991
62,5,0.2,mCal,0.7017401861594497
62,5,0.2,Flex,0.6888326707625587
62,5,0.5,Cal,0.7498575498575498
62,5,0.5,mCal,0.7454651843183149
62,5,0.5,Flex,0.7306843267108167
62,5,0.8,Cal,0.7549342105263158
62,5,0.8,mCal,0.7630922693266833
62,5,0.8,Flex,0.7543138866064092
62,10,0.2,Cal,0.7854346123727487
62,10,0.2,mCal,0.7831078310783108
62,10,0.2,Flex,0.7717518532969175
62,10,0.5,Cal,0.8306394940267042
62,10,0.5,mCal,0.8342776203966006
62,10,0.5,Flex,0.8214285714285714
62,10,0.8,Cal,0.8719052744886976
62,10,0.8,mCal,0.8719052744886976
62,10,0.8,Flex,0.8659384309831182
62,25,0.2,Cal,0.8728813559322034
62,25,0.2,mCal,0.8713978494623656
62,25,0.2,Flex,0.8669456066945607
62,25,0.5,Cal,0.8974358974358974
62,25,0.5,mCal,0.8984263233190273
62,25,0.5,Flex,0.8998609179415856
62,25,0.8,Cal,0.9107142857142857
62,25,0.8,mCal,0.9107142857142857
62,25,0.8,Flex,0.9129511677282378
63,5,0.2,Cal,0.6957137796670209
63,5,0.2,mCal,0.6962484872932635
63,5,0.2,Flex,0.6942446043165469
63,5,0.5,Cal,0.7508571428571429
63,5,0.5,mCal,0.7527761542957335
63,5,0.5,Flex,0.7380818844643857
63,5,0.8,Cal,0.7675765095119934
63,5,0.8,mCal,0.773978315262719
63,5,0.8,Flex,0.7656765676567657
63,10,0.2,Cal,0.7848699763593381
63,10,0.2,mCal,0.7793696275071633
63,10,0.2,Flex,0.7779960707269156
63,10,0.5,Cal,0.8680027643400138
63,10,0.5,mCal,0.8701117318435754
63,10,0.5,Flex,0.8524156187954997
63,10,0.8,Cal,0.8627450980392156
63,10,0.8,mCal,0.8627450980392156
63,10,0.8,Flex,0.8382642998027613
63,25,0.2,Cal,0.8751608751608753
63,25,0.2,mCal,0.8741319444444445
63,25,0.2,Flex,0.8797308662741801
63,25,0.5,Cal,0.9201741654571843
63,25,0.5,mCal,0.9176984705025492
63,25,0.5,Flex,0.9143665958952584
63,25,0.8,Cal,0.929608938547486
63,25,0.8,mCal,0.929608938547486
63,25,0.8,Flex,0.9285714285714286
64,5,0.2,Cal,0.6875219683655536
64,5,0.2,mCal,0.6936
64,5,0.2,Flex,0.6861417883861773
64,5,0.5,Cal,0.7406123627960717
64,5,0.5,mCal,0.7510447761194029
64,5,0.5,Flex,0.7284090909090909
64,5,0.8,Cal,0.7899159663865546
64,5,0.8,mCal,0.7972858354537744
64,5,0.8,Flex,0.7872696817420436
64,10,0.2,Cal,0.7698641416220667
64,10,0.2,mCal,0.7689684569479965
64,10,0.2,Flex,0.7619827939369112
64,10,0.5,Cal,0.8283418553688824
64,10,0.5,mCal,0.8364174685418208
64,10,0.5,Flex,0.8263888888888888
64,10,0.8,Cal,0.8457142857142856
64,10,0.8,mCal,0.8457142857142856
64,10,0.8,Flex,0.8571428571428571
64,25,0.2,Cal,0.8697152717860224
64,25,0.2,mCal,0.8683055311676908
64,25,0.2,Flex,0.8683544303797468
64,25,0.5,Cal,0.9158200290275761
64,25,0.5,mCal,0.912536443148688
64,25,0.5,Flex,0.9120111731843575
64,25,0.8,Cal,0.9248554913294798
64,25,0.8,mCal,0.923611111111111
64,25,0.8,Flex,0.9261744966442952
65,5,0.2,Cal,0.6854867897213174
65,5,0.2,mCal,0.6974275214373213
65,5,0.2,Flex,0.6886205634833515
65,5,0.5,Cal,0.7500000000000001
65,5,0.5,mCal,0.7524523946912869
65,5,0.5,Flex,0.741111111111111
65,5,0.8,Cal,0.7702371218315618
65,5,0.8,mCal,0.7765869744435284
65,5,0.8,Flex,0.7677261613691931
65,10,0.2,Cal,0.7902665121668598
65,10,0.2,mCal,0.7945094872830036
65,10,0.2,Flex,0.7803936703975298
65,10,0.5,Cal,0.841959972394755
65,10,0.5,mCal,0.8443824145150034
65,10,0.5,Flex,0.8239116309291747
65,10,0.8,Cal,0.853763440860215
65,10,0.8,mCal,0.853763440860215
65,10,0.8,Flex,0.8508946322067594
65,25,0.2,Cal,0.8717288717288717
65,25,0.2,mCal,0.8710377768128529
65,25,0.2,Flex,0.867908552074513
65,25,0.5,Cal,0.9135446685878963
65,25,0.5,mCal,0.9155234657039711
65,25,0.5,Flex,0.9145658263305323
65,25,0.8,Cal,0.9094781682641107
65,25,0.8,mCal,0.908315565031983
65,25,0.8,Flex,0.9145211122554069
66,5,0.2,Cal,0.6880466472303207
66,5,0.2,mCal,0.6953255425709516
66,5,0.2,Flex,0.6896807720861172
66,5,0.5,Cal,0.7498507462686568
66,5,0.5,mCal,0.7487623762376238
66,5,0.5,Flex,0.7411764705882352
66,5,0.8,Cal,0.7364685004436557
66,5,0.8,mCal,0.7443946188340806
66,5,0.8,Flex,0.7332155477031803
66,10,0.2,Cal,0.7700404858299594
66,10,0.2,mCal,0.7722855935783692
66,10,0.2,Flex,0.7577340297308157
66,10,0.5,Cal,0.8577680525164114
66,10,0.5,mCal,0.8604992657856093
66,10,0.5,Flex,0.8440492476060192
66,10,0.8,Cal,0.853711790393013
66,10,0.8,mCal,0.853711790393013
66,10,0.8,Flex,0.8545454545454545
66,25,0.2,Cal,0.8615948670944088
66,25,0.2,mCal,0.8615241635687731
66,25,0.2,Flex,0.8681614349775785
66,25,0.5,Cal,0.9116064565718678
66,25,0.5,mCal,0.9126063418406807
66,25,0.5,Flex,0.9145880574452002
66,25,0.8,Cal,0.9061326658322904
66,25,0.8,mCal,0.9061326658322904
66,25,0.8,Flex,0.8960573476702508
67,5,0.2,Cal,0.7142355008787347
67,5,0.2,mCal,0.7256000000000001
67,5,0.2,Flex,0.7152506221116247
67,5,0.5,Cal,0.763274336283186
67,5,0.5,mCal,0.7720295622512792
67,5,0.5,Flex,0.7490514905149053
67,5,0.8,Cal,0.802773497688752
67,5,0.8,mCal,0.8083785880527541
67,5,0.8,Flex,0.8021555042340262
67,10,0.2,Cal,0.7778237484484899
67,10,0.2,mCal,0.7797337913267497
67,10,0.2,Flex,0.7672697368421053
67,10,0.5,Cal,0.849083215796897
67,10,0.5,mCal,0.8465909090909091
67,10,0.5,Flex,0.8269873079492318
67,10,0.8,Cal,0.8603603603603605
67,10,0.8,mCal,0.8603603603603605
67,10,0.8,Flex,0.8428720083246619
67,25,0.2,Cal,0.8586572438162545
67,25,0.2,mCal,0.8507194244604317
67,25,0.2,Flex,0.8554059921841077
67,25,0.5,Cal,0.8947368421052632
67,25,0.5,mCal,0.8935148118494797
67,25,0.5,Flex,0.8953399541634836
67,25,0.8,Cal,0.9093198992443324
67,25,0.8,mCal,0.9093198992443324
67,25,0.8,Flex,0.9172749391727495
68,5,0.2,Cal,0.706368330464716
68,5,0.2,mCal,0.7065259867135599
68,5,0.2,Flex,0.7017174903610235
68,5,0.5,Cal,0.7598299681190223
68,5,0.5,mCal,0.7743702081051479
68,5,0.5,Flex,0.7483064095883273
68,5,0.8,Cal,0.7674418604651163
68,5,0.8,mCal,0.7716289945440373
68,5,0.8,Flex,0.7662538699690402
68,10,0.2,Cal,0.7726913970007893
68,10,0.2,mCal,0.768472906403941
68,10,0.2,Flex,0.7624266144814091
68,10,0.5,Cal,0.8478260869565217
68,10,0.5,mCal,0.8551818805765271
68,10,0.5,Flex,0.8302130406714009
68,10,0.8,Cal,0.871413390010627
68,10,0.8,mCal,0.871413390010627
68,10,0.8,Flex,0.862934362934363
68,25,0.2,Cal,0.8670076726342711
68,25,0.2,mCal,0.8648180242634315
68,25,0.2,Flex,0.8663594470046083
68,25,0.5,Cal,0.8980797636632202
68,25,0.5,mCal,0.8950111690245719
68,25,0.5,Flex,0.8970482361411086
68,25,0.8,Cal,0.9033760186263097
68,25,0.8,mCal,0.9033760186263097
68,25,0.8,Flex,0.9189789123196448
69,5,0.2,Cal,0.7059659090909091
69,5,0.2,mCal,0.7219551282051282
69,5,0.2,Flex,0.7058823529411765
69,5,0.5,Cal,0.7558338076266364
69,5,0.5,mCal,0.7585805700988948
69,5,0.5,Flex,0.7440044617958729
69,5,0.8,Cal,0.7553719008264463
69,5,0.8,mCal,0.7648535564853556
69,5,0.8,Flex,0.7535037098103875
69,10,0.2,Cal,0.7900241351568784
69,10,0.2,mCal,0.7903091060985797
69,10,0.2,Flex,0.7785342410893072
69,10,0.5,Cal,0.8504359490274982
69,10,0.5,mCal,0.8490566037735849
69,10,0.5,Flex,0.8388746803069055
69,10,0.8,Cal,0.8630952380952381
69,10,0.8,mCal,0.8630952380952381
69,10,0.8,Flex,0.8505535055350554
69,25,0.2,Cal,0.8680586406041759
69,25,0.2,mCal,0.8687415426251691
69,25,0.2,Flex,0.8672181105790161
69,25,0.5,Cal,0.9020817270624518
69,25,0.5,mCal,0.9040247678018576
69,25,0.5,Flex,0.9014296463506396
69,25,0.8,Cal,0.9030674846625767
69,25,0.8,mCal,0.9030674846625767
69,25,0.8,Flex,0.9058823529411764
70,5,0.2,Cal,0.711677574922494
70,5,0.2,mCal,0.7182879377431907
70,5,0.2,Flex,0.7088430618664803
70,5,0.5,Cal,0.74235807860262
70,5,0.5,mCal,0.755079006772009
70,5,0.5,Flex,0.73029490616622
70,5,0.8,Cal,0.7406225059856345
70,5,0.8,mCal,0.7447833065810595
70,5,0.8,Flex,0.7400318979266349
70,10,0.2,Cal,0.7783695206882425
70,10,0.2,mCal,0.7807394668959587
70,10,0.2,Flex,0.7656631407648495
70,10,0.5,Cal,0.8344671201814059
70,10,0.5,mCal,0.8370313695485845
70,10,0.5,Flex,0.8238677210639828
70,10,0.8,Cal,0.8437499999999999
70,10,0.8,mCal,0.8437499999999999
70,10,0.8,Flex,0.827661909989023
70,25,0.2,Cal,0.8822525597269625
70,25,0.2,mCal,0.8764629388816646
70,25,0.2,Flex,0.88107202680067
70,25,0.5,Cal,0.919524142757173
70,25,0.5,mCal,0.9186535764375877
70,25,0.5,Flex,0.9154160982264666
70,25,0.8,Cal,0.9177001127395717
70,25,0.8,mCal,0.9187358916478555
70,25,0.8,Flex,0.9140369967355821
71,5,0.2,Cal,0.7068245125348189
71,5,0.2,mCal,0.7184313725490196
71,5,0.2,Flex,0.7019162526614621
71,5,0.5,Cal,0.759758108851017
71,5,0.5,mCal,0.7649043869516311
71,5,0.5,Flex,0.7474310438074635
71,5,0.8,Cal,0.7800312012480499
71,5,0.8,mCal,0.7898894154818326
71,5,0.8,Flex,0.7800312012480499
71,10,0.2,Cal,0.7878068091844815
71,10,0.2,mCal,0.7886513157894737
71,10,0.2,Flex,0.7775613556680951
71,10,0.5,Cal,0.8258774948382656
71,10,0.5,mCal,0.8280166435506241
71,10,0.5,Flex,0.8170652876535229
71,10,0.8,Cal,0.8608414239482202
71,10,0.8,mCal,0.8608414239482202
71,10,0.8,Flex,0.8532019704433498
71,25,0.2,Cal,0.8738819320214669
71,25,0.2,mCal,0.8734177215189874
71,25,0.2,Flex,0.8728702490170379
71,25,0.5,Cal,0.9043348281016442
71,25,0.5,mCal,0.9047261815453863
71,25,0.5,Flex,0.9069767441860466
71,25,0.8,Cal,0.9144196951934348
71,25,0.8,mCal,0.9131455399061033
71,25,0.8,Flex,0.9195922989807475
72,5,0.2,Cal,0.6925064599483204
72,5,0.2,mCal,0.7143451143451143
72,5,0.2,Flex,0.6926275992438563
72,5,0.5,Cal,0.7539635936582502
72,5,0.5,mCal,0.7675544794188862
72,5,0.5,Flex,0.7432198499711484
72,5,0.8,Cal,0.7694859038142621
72,5,0.8,mCal,0.7759197324414716
72,5,0.8,Flex,0.7688483844241922
72,10,0.2,Cal,0.7829487680876026
72,10,0.2,mCal,0.7825377396980824
72,10,0.2,Flex,0.7759223300970873
72,10,0.5,Cal,0.8335664335664336
72,10,0.5,mCal,0.8352112676056338
72,10,0.5,Flex,0.8198675496688742
72,10,0.8,Cal,0.8522114347357066
72,10,0.8,mCal,0.8522114347357066
72,10,0.8,Flex,0.8557312252964427
72,25,0.2,Cal,0.8777876895628902
72,25,0.2,mCal,0.8773200543232231
72,25,0.2,Flex,0.8799999999999999
72,25,0.5,Cal,0.9205147615442847
72,25,0.5,mCal,0.9217919514047077
72,25,0.5,Flex,0.9120473022912048
72,25,0.8,Cal,0.9146067415730337
72,25,0.8,mCal,0.9146067415730337
72,25,0.8,Flex,0.9145945945945946
73,5,0.2,Cal,0.6936002860207365
73,5,0.2,mCal,0.6880584890333062
73,5,0.2,Flex,0.6923917000364033
73,5,0.5,Cal,0.7592267135325133
73,5,0.5,mCal,0.756464221286831
73,5,0.5,Flex,0.7455485353245261
73,5,0.8,Cal,0.7967213114754098
73,5,0.8,mCal,0.8033057851239669
73,5,0.8,Flex,0.7947669664758791
73,10,0.2,Cal,0.7800247626908791
73,10,0.2,mCal,0.777157578359811
73,10,0.2,Flex,0.7694818441452469
73,10,0.5,Cal,0.8422619047619047
73,10,0.5,mCal,0.8451757666417352
73,10,0.5,Flex,0.8174770965468641
73,10,0.8,Cal,0.836405529953917
73,10,0.8,mCal,0.836405529953917
73,10,0.8,Flex,0.821656050955414
73,25,0.2,Cal,0.8715637674628209
73,25,0.2,mCal,0.8718650250797995
73,25,0.2,Flex,0.8717265867731914
73,25,0.5,Cal,0.9129770992366413
73,25,0.5,mCal,0.9141104294478528
73,25,0.5,Flex,0.9103039288361751
73,25,0.8,Cal,0.9052631578947368
73,25,0.8,mCal,0.9050410316529895
73,25,0.8,Flex,0.9064261555806088
74,5,0.2,Cal,0.6920943134535368
74,5,0.2,mCal,0.7015625
74,5,0.2,Flex,0.6897516614200769
74,5,0.5,Cal,0.7559755419677598
74,5,0.5,mCal,0.7583474816072439
74,5,0.5,Flex,0.7438825448613376
74,5,0.8,Cal,0.757377049180328
74,5,0.8,mCal,0.7661691542288559
74,5,0.8,Flex,0.7542857142857142
74,10,0.2,Cal,0.786081455120601
74,10,0.2,mCal,0.7848621966269026
74,10,0.2,Flex,0.77513855898654
74,10,0.5,Cal,0.8506849315068493
74,10,0.5,mCal,0.8553633217993079
74,10,0.5,Flex,0.8363874345549739
74,10,0.8,Cal,0.8755186721991701
74,10,0.8,mCal,0.8755186721991701
74,10,0.8,Flex,0.8667305848513902
74,25,0.2,Cal,0.869683257918552
74,25,0.2,mCal,0.8686868686868686
74,25,0.2,Flex,0.8699511762094985
74,25,0.5,Cal,0.899919935948759
74,25,0.5,mCal,0.9024979854955681
74,25,0.5,Flex,0.9030256012412723
74,25,0.8,Cal,0.9191797346200241
74,25,0.8,mCal,0.9165659008464329
74,25,0.8,Flex,0.9205607476635514
75,5,0.2,Cal,0.6852846401718582
75,5,0.2,mCal,0.7157809983896941
75,5,0.2,Flex,0.6865237922266618
75,5,0.5,Cal,0.7455890722822993
75,5,0.5,mCal,0.7472140762463343
75,5,0.5,Flex,0.7337807606263981
75,5,0.8,Cal,0.7390223695111847
75,5,0.8,mCal,0.7533783783783784
75,5,0.8,Flex,0.735973597359736
75,10,0.2,Cal,0.7736156351791532
75,10,0.2,mCal,0.7752332485156912
75,10,0.2,Flex,0.7622123536536133
75,10,0.5,Cal,0.8597097442985487
75,10,0.5,mCal,0.8609179415855355
75,10,0.5,Flex,0.845388188453882
75,10,0.8,Cal,0.8402116402116403
75,10,0.8,mCal,0.8402116402116403
75,10,0.8,Flex,0.837029893924783
75,25,0.2,Cal,0.8681506849315069
75,25,0.2,mCal,0.8686605981794538
75,25,0.2,Flex,0.8644565673520773
75,25,0.5,Cal,0.927246790299572
75,25,0.5,mCal,0.9278055754110077
75,25,0.5,Flex,0.9318497913769124
75,25,0.8,Cal,0.9282608695652174
75,25,0.8,mCal,0.9282608695652174
75,25,0.8,Flex,0.9216300940438872
76,5,0.2,Cal,0.6964604933857705
76,5,0.2,mCal,0.709546925566343
76,5,0.2,Flex,0.6921954777534647
76,5,0.5,Cal,0.7569721115537849
76,5,0.5,mCal,0.765217391304348
76,5,0.5,Flex,0.740122426265999
76,5,0.8,Cal,0.7860048820179008
76,5,0.8,mCal,0.7931034482758621
76,5,0.8,Flex,0.7853658536585366
76,10,0.2,Cal,0.7816277195809831
76,10,0.2,mCal,0.7809762202753442
76,10,0.2,Flex,0.7652451175767236
76,10,0.5,Cal,0.838012958963283
76,10,0.5,mCal,0.8422575976845151
76,10,0.5,Flex,0.8257006151742994
76,10,0.8,Cal,0.8497757847533632
76,10,0.8,mCal,0.8497757847533632
76,10,0.8,Flex,0.8343558282208589
76,25,0.2,Cal,0.8669683257918553
76,25,0.2,mCal,0.8673703533731069
76,25,0.2,Flex,0.8580301685891748
76,25,0.5,Cal,0.9090909090909091
76,25,0.5,mCal,0.9072948328267478
76,25,0.5,Flex,0.9030347890451517
76,25,0.8,Cal,0.9164733178654292
76,25,0.8,mCal,0.9175377468060394
76,25,0.8,Flex,0.9125560538116592
77,5,0.2,Cal,0.7062187276626162
77,5,0.2,mCal,0.7177386317083164
77,5,0.2,Flex,0.703771512266569
77,5,0.5,Cal,0.7541547277936962
77,5,0.5,mCal,0.758254716981132
77,5,0.5,Flex,0.7401574803149606
77,5,0.8,Cal,0.7905803195962995
77,5,0.8,mCal,0.797962648556876
77,5,0.8,Flex,0.7882845188284519
77,10,0.2,Cal,0.7662494953572871
77,10,0.2,mCal,0.7649769585253456
77,10,0.2,Flex,0.7605294825511432
77,10,0.5,Cal,0.8421797593772116
77,10,0.5,mCal,0.844950213371266
77,10,0.5,Flex,0.8281879194630872
77,10,0.8,Cal,0.8549783549783551
77,10,0.8,mCal,0.8549783549783551
77,10,0.8,Flex,0.8374875373878365
77,25,0.2,Cal,0.8664292074799644
77,25,0.2,mCal,0.8641864634692963
77,25,0.2,Flex,0.8710377768128529
77,25,0.5,Cal,0.905165767154973
77,25,0.5,mCal,0.9058641975308642
77,25,0.5,Flex,0.9026946107784432
77,25,0.8,Cal,0.9093050647820966
77,25,0.8,mCal,0.9093050647820966
77,25,0.8,Flex,0.9242937853107345
78,5,0.2,Cal,0.6824990865911582
78,5,0.2,mCal,0.6999168744804656
78,5,0.2,Flex,0.6763070077864294
78,5,0.5,Cal,0.7502972651605231
78,5,0.5,mCal,0.7585365853658537
78,5,0.5,Flex,0.7423529411764705
78,5,0.8,Cal,0.7527801539777588
78,5,0.8,mCal,0.7579672695951765
78,5,0.8,Flex,0.7508532423208192
78,10,0.2,Cal,0.7828571428571428
78,10,0.2,mCal,0.7801963294921043
78,10,0.2,Flex,0.7733333333333333
78,10,0.5,Cal,0.872905027932961
78,10,0.5,mCal,0.8756148981026002
78,10,0.5,Flex,0.8673400673400674
78,10,0.8,Cal,0.8546824542518838
78,10,0.8,mCal,0.8546824542518838
78,10,0.8,Flex,0.8383937316356513
78,25,0.2,Cal,0.8760831889081456
78,25,0.2,mCal,0.8788012340237991
78,25,0.2,Flex,0.8729281767955802
78,25,0.5,Cal,0.898379970544919
78,25,0.5,mCal,0.8997050147492626
78,25,0.5,Flex,0.9055793991416309
78,25,0.8,Cal,0.9195402298850576
78,25,0.8,mCal,0.9182968929804373
78,25,0.8,Flex,0.9312638580931263
79,5,0.2,Cal,0.7017783857729137
79,5,0.2,mCal,0.7129094412331406
79,5,0.2,Flex,0.6978193146417445
79,5,0.5,Cal,0.7370666666666668
79,5,0.5,mCal,0.7467248908296944
79,5,0.5,Flex,0.7246984792868381
79,5,0.8,Cal,0.7482462977396727
79,5,0.8,mCal,0.7541241162608013
79,5,0.8,Flex,0.7465007776049768
79,10,0.2,Cal,0.783679753656659
79,10,0.2,mCal,0.7843137254901961
79,10,0.2,Flex,0.7692307692307693
79,10,0.5,Cal,0.8428665351742274
79,10,0.5,mCal,0.846763540290621
79,10,0.5,Flex,0.8354430379746836
79,10,0.8,Cal,0.8598130841121495
79,10,0.8,mCal,0.8598130841121495
79,10,0.8,Flex,0.8382775119617225
79,25,0.2,Cal,0.8776550552251486
79,25,0.2,mCal,0.8783204798628964
79,25,0.2,Flex,0.8794679966749792
79,25,0.5,Cal,0.9027982326951398
79,25,0.5,mCal,0.9053254437869822
79,25,0.5,Flex,0.8997837058399423
79,25,0.8,Cal,0.9122006841505131
79,25,0.8,mCal,0.910958904109589
79,25,0.8,Flex,0.9112814895947426
80,5,0.2,Cal,0.6814545454545455
80,5,0.2,mCal,0.6943644590703413
80,5,0.2,Flex,0.6811968969338752
80,5,0.5,Cal,0.7383390216154722
80,5,0.5,mCal,0.7436950146627566
80,5,0.5,Flex,0.7243303571428572
80,5,0.8,Cal,0.7616707616707618
80,5,0.8,mCal,0.7673267326732673
80,5,0.8,Flex,0.760425183973835
80,10,0.2,Cal,0.7874648453194053
80,10,0.2,mCal,0.7872516556291391
80,10,0.2,Flex,0.7803514376996804
80,10,0.5,Cal,0.8251057827926658
80,10,0.5,mCal,0.8346456692913385
80,10,0.5,Flex,0.8045062955599734
80,10,0.8,Cal,0.8636859323882224
80,10,0.8,mCal,0.8636859323882224
80,10,0.8,Flex,0.8393574297188755
80,25,0.2,Cal,0.8646953405017921
80,25,0.2,mCal,0.8664850136239782
80,25,0.2,Flex,0.8631394840402273
80,25,0.5,Cal,0.9020217729393468
80,25,0.5,mCal,0.9003115264797509
80,25,0.5,Flex,0.9014296463506395
80,25,0.8,Cal,0.8981595092024539
80,25,0.8,mCal,0.8981595092024539
80,25,0.8,Flex,0.9043683589138135
81,5,0.2,Cal,0.7134124415677814
81,5,0.2,mCal,0.7163323782234957
81,5,0.2,Flex,0.7101713452424352
81,5,0.5,Cal,0.743811168681635
81,5,0.5,mCal,0.7516224188790561
81,5,0.5,Flex,0.7307692307692308
81,5,0.8,Cal,0.7753086419753087
81,5,0.8,mCal,0.7823920265780729
81,5,0.8,Flex,0.7733990147783252
81,10,0.2,Cal,0.7878787878787878
81,10,0.2,mCal,0.7888249794576828
81,10,0.2,Flex,0.7756385068762279
81,10,0.5,Cal,0.8556220891550232
81,10,0.5,mCal,0.8561827956989247
81,10,0.5,Flex,0.8442466624284806
81,10,0.8,Cal,0.8533333333333334
81,10,0.8,mCal,0.8533333333333334
81,10,0.8,Flex,0.8424068767908309
81,25,0.2,Cal,0.8771168041684759
81,25,0.2,mCal,0.8773626373626374
81,25,0.2,Flex,0.8712282192945177
81,25,0.5,Cal,0.9125188536953244
81,25,0.5,mCal,0.9108761329305135
81,25,0.5,Flex,0.9067055393586007
81,25,0.8,Cal,0.9279069767441861
81,25,0.8,mCal,0.9279069767441861
81,25,0.8,Flex,0.936026936026936
82,5,0.2,Cal,0.6873177842565598
82,5,0.2,mCal,0.6994991652754591
82,5,0.2,Flex,0.6896296296296297
82,5,0.5,Cal,0.7480916030534351
82,5,0.5,mCal,0.748798076923077
82,5,0.5,Flex,0.7392815758980302
82,5,0.8,Cal,0.7757166947723441
82,5,0.8,mCal,0.7843137254901961
82,5,0.8,Flex,0.7744107744107744
82,10,0.2,Cal,0.7635024549918168
82,10,0.2,mCal,0.7632359169843287
82,10,0.2,Flex,0.7579203899268887
82,10,0.5,Cal,0.8336996336996336
82,10,0.5,mCal,0.8386145910095799
82,10,0.5,Flex,0.8158443363446839
82,10,0.8,Cal,0.8558855885588558
82,10,0.8,mCal,0.8558855885588558
82,10,0.8,Flex,0.8443983402489627
82,25,0.2,Cal,0.8805519620526088
82,25,0.2,mCal,0.8781770376862401
82,25,0.2,Flex,0.8793906051629286
82,25,0.5,Cal,0.918958031837916
82,25,0.5,mCal,0.9196234612599565
82,25,0.5,Flex,0.9122562674094707
82,25,0.8,Cal,0.9106753812636167
82,25,0.8,mCal,0.9106753812636167
82,25,0.8,Flex,0.9090909090909091
83,5,0.2,Cal,0.6926654740608228
83,5,0.2,mCal,0.7
83,5,0.2,Flex,0.6908563134978228
83,5,0.5,Cal,0.740011580775912
83,5,0.5,mCal,0.7523809523809524
83,5,0.5,Flex,0.7256235827664399
83,5,0.8,Cal,0.7618257261410788
83,5,0.8,mCal,0.7707808564231738
83,5,0.8,Flex,0.7586776859504132
83,10,0.2,Cal,0.7774647887323944
83,10,0.2,mCal,0.7752715121136174
83,10,0.2,Flex,0.7673207849419305
83,10,0.5,Cal,0.8464912280701755
83,10,0.5,mCal,0.8520710059171598
83,10,0.5,Flex,0.8261168384879726
83,10,0.8,Cal,0.8660508083140878
83,10,0.8,mCal,0.8660508083140878
83,10,0.8,Flex,0.8501594048884166
83,25,0.2,Cal,0.8692240627724499
83,25,0.2,mCal,0.8680738786279684
83,25,0.2,Flex,0.8690068493150686
83,25,0.5,Cal,0.9046199701937406
83,25,0.5,mCal,0.9062265566391599
83,25,0.5,Flex,0.9073806078147613
83,25,0.8,Cal,0.908246225319396
83,25,0.8,mCal,0.9057043073341096
83,25,0.8,Flex,0.9156355455568054
84,5,0.2,Cal,0.6885714285714286
84,5,0.2,mCal,0.6993914807302232
84,5,0.2,Flex,0.6881564650488953
84,5,0.5,Cal,0.7515563101301641
84,5,0.5,mCal,0.7514654161781945
84,5,0.5,Flex,0.7371333702268953
84,5,0.8,Cal,0.747557003257329
84,5,0.8,mCal,0.7561779242174629
84,5,0.8,Flex,0.7445255474452555
84,10,0.2,Cal,0.7577340297308156
84,10,0.2,mCal,0.757664846703066
84,10,0.2,Flex,0.74568099638409
84,10,0.5,Cal,0.8052516411378556
84,10,0.5,mCal,0.8067846607669616
84,10,0.5,Flex,0.7988980716253444
84,10,0.8,Cal,0.8518943742824339
84,10,0.8,mCal,0.8518943742824339
84,10,0.8,Flex,0.8363636363636364
84,25,0.2,Cal,0.8615794143744455
84,25,0.2,mCal,0.8589398023360287
84,25,0.2,Flex,0.8662033014769766
84,25,0.5,Cal,0.9141566265060241
84,25,0.5,mCal,0.9122541603630863
84,25,0.5,Flex,0.906318082788671
84,25,0.8,Cal,0.9188571428571429
84,25,0.8,mCal,0.919908466819222
84,25,0.8,Flex,0.9251101321585904
85,5,0.2,Cal,0.7047095221725679
85,5,0.2,mCal,0.7062937062937064
85,5,0.2,Flex,0.7038716428322289
85,5,0.5,Cal,0.7422447828539198
85,5,0.5,mCal,0.7487061529614721
85,5,0.5,Flex,0.730299667036626
85,5,0.8,Cal,0.7613727055067837
85,5,0.8,mCal,0.7687348912167606
85,5,0.8,Flex,0.7601593625498009
85,10,0.2,Cal,0.7780429594272076
85,10,0.2,mCal,0.776578073089701
85,10,0.2,Flex,0.7692916501780767
85,10,0.5,Cal,0.8446943078004217
85,10,0.5,mCal,0.8441926345609065
85,10,0.5,Flex,0.8254180602006689
85,10,0.8,Cal,0.8764769065520945
85,10,0.8,mCal,0.8764769065520945
85,10,0.8,Flex,0.8616600790513833
85,25,0.2,Cal,0.8730090400344382
85,25,0.2,mCal,0.8697167755991285
85,25,0.2,Flex,0.8695286195286196
85,25,0.5,Cal,0.9207492795389048
85,25,0.5,mCal,0.9234104046242776
85,25,0.5,Flex,0.913769123783032
85,25,0.8,Cal,0.911699779249448
85,25,0.8,mCal,0.9125138427464009
85,25,0.8,Flex,0.9146469968387776
86,5,0.2,Cal,0.7013362224629831
86,5,0.2,mCal,0.7064107799101674
86,5,0.2,Flex,0.696225723708318
86,5,0.5,Cal,0.7739726027397261
86,5,0.5,mCal,0.7695906432748538
86,5,0.5,Flex,0.753752084491384
86,5,0.8,Cal,0.7928513403736799
86,5,0.8,mCal,0.8
86,5,0.8,Flex,0.7909238249594812
86,10,0.2,Cal,0.7880500605571256
86,10,0.2,mCal,0.7895181741335587
86,10,0.2,Flex,0.7845348368908578
86,10,0.5,Cal,0.8614958448753463
86,10,0.5,mCal,0.8643006263048016
86,10,0.5,Flex,0.8473684210526315
86,10,0.8,Cal,0.8888888888888888
86,10,0.8,mCal,0.8888888888888888
86,10,0.8,Flex,0.8588120740019475
86,25,0.2,Cal,0.8653931585961795
86,25,0.2,mCal,0.8649864986498649
86,25,0.2,Flex,0.8679409209383144
86,25,0.5,Cal,0.9134687735139202
86,25,0.5,mCal,0.9147169811320756
86,25,0.5,Flex,0.9100219458668618
86,25,0.8,Cal,0.8933177022274326
86,25,0.8,mCal,0.8933177022274326
86,25,0.8,Flex,0.9003359462486001
87,5,0.2,Cal,0.703141546064243
87,5,0.2,mCal,0.7157217531162042
87,5,0.2,Flex,0.7021200143729788
87,5,0.5,Cal,0.7662705149971704
87,5,0.5,mCal,0.7742309924550203
87,5,0.5,Flex,0.7509706045479755
87,5,0.8,Cal,0.7678424938474159
87,5,0.8,mCal,0.7754763877381938
87,5,0.8,Flex,0.7672131147540984
87,10,0.2,Cal,0.7873042044517725
87,10,0.2,mCal,0.7908973808501503
87,10,0.2,Flex,0.7764609726195342
87,10,0.5,Cal,0.8565430370888732
87,10,0.5,mCal,0.8569415081042987
87,10,0.5,Flex,0.8425987943737441
87,10,0.8,Cal,0.8799149840595113
87,10,0.8,mCal,0.8799149840595113
87,10,0.8,Flex,0.8571428571428572
87,25,0.2,Cal,0.875484704868591
87,25,0.2,mCal,0.8752181500872601
87,25,0.2,Flex,0.8747884940778341
87,25,0.5,Cal,0.9125262421273618
87,25,0.5,mCal,0.9143258426966291
87,25,0.5,Flex,0.90625
87,25,0.8,Cal,0.912472647702407
87,25,0.8,mCal,0.912472647702407
87,25,0.8,Flex,0.914826498422713
88,5,0.2,Cal,0.6849507735583685
88,5,0.2,mCal,0.700438771439968
88,5,0.2,Flex,0.6834351419331657
88,5,0.5,Cal,0.7260428410372041
88,5,0.5,mCal,0.7282169648009232
88,5,0.5,Flex,0.7162687395891172
88,5,0.8,Cal,0.7749381698268755
88,5,0.8,mCal,0.7813798836242727
88,5,0.8,Flex,0.7733990147783252
88,10,0.2,Cal,0.7711624139327663
88,10,0.2,mCal,0.7711864406779662
88,10,0.2,Flex,0.7589537223340039
88,10,0.5,Cal,0.8176470588235294
88,10,0.5,mCal,0.825278810408922
88,10,0.5,Flex,0.8002764340013822
88,10,0.8,Cal,0.8662857142857143
88,10,0.8,mCal,0.8662857142857143
88,10,0.8,Flex,0.8592910848549946
88,25,0.2,Cal,0.8683146067415731
88,25,0.2,mCal,0.8649386084583901
88,25,0.2,Flex,0.8673110720562389
88,25,0.5,Cal,0.9105180533751963
88,25,0.5,mCal,0.9095200629425649
88,25,0.5,Flex,0.9000762776506483
88,25,0.8,Cal,0.910411622276029
88,25,0.8,mCal,0.9090909090909092
88,25,0.8,Flex,0.9078179696616103
89,5,0.2,Cal,0.6970017636684304
89,5,0.2,mCal,0.7126895450917797
89,5,0.2,Flex,0.6977745872218234
89,5,0.5,Cal,0.7446808510638298
89,5,0.5,mCal,0.7492893689596363
89,5,0.5,Flex,0.7302631578947367
89,5,0.8,Cal,0.7655502392344498
89,5,0.8,mCal,0.7698476343223737
89,5,0.8,Flex,0.7637231503579953
89,10,0.2,Cal,0.7717171717171718
89,10,0.2,mCal,0.7679324894514769
89,10,0.2,Flex,0.7627050820328132
89,10,0.5,Cal,0.8539007092198582
89,10,0.5,mCal,0.8526690391459074
89,10,0.5,Flex,0.8373983739837397
89,10,0.8,Cal,0.8546637744034706
89,10,0.8,mCal,0.8546637744034706
89,10,0.8,Flex,0.844
89,25,0.2,Cal,0.8670912951167729
89,25,0.2,mCal,0.8635578583765112
89,25,0.2,Flex,0.8674399337199669
89,25,0.5,Cal,0.8996960486322189
89,25,0.5,mCal,0.8968678380443086
89,25,0.5,Flex,0.9007407407407407
89,25,0.8,Cal,0.9102244389027432
89,25,0.8,mCal,0.9113607990012484
89,25,0.8,Flex,0.9082240762812872
90,5,0.2,Cal,0.6987022097509646
90,5,0.2,mCal,0.7159316646801749
90,5,0.2,Flex,0.6994652406417111
90,5,0.5,Cal,0.7552602436323367
90,5,0.5,mCal,0.7690557451649601
90,5,0.5,Flex,0.738095238095238
90,5,0.8,Cal,0.7585657370517929
90,5,0.8,mCal,0.7646586345381526
90,5,0.8,Flex,0.7585657370517929
90,10,0.2,Cal,0.7875443437130469
90,10,0.2,mCal,0.7820723684210527
90,10,0.2,Flex,0.7697136131816397
90,10,0.5,Cal,0.8426888426888428
90,10,0.5,mCal,0.8420320111343076
90,10,0.5,Flex,0.8291390728476822
90,10,0.8,Cal,0.8472803347280334
90,10,0.8,mCal,0.8472803347280334
90,10,0.8,Flex,0.8538011695906433
90,25,0.2,Cal,0.8482697426796806
90,25,0.2,mCal,0.8448665762098598
90,25,0.2,Flex,0.8535309503051437
90,25,0.5,Cal,0.9093655589123866
90,25,0.5,mCal,0.9096431283219438
90,25,0.5,Flex,0.9086924762600439
90,25,0.8,Cal,0.9008363201911589
90,25,0.8,mCal,0.8995215311004784
90,25,0.8,Flex,0.8881199538638985
91,5,0.2,Cal,0.6874105865522174
91,5,0.2,mCal,0.695970695970696
91,5,0.2,Flex,0.682164911006175
91,5,0.5,Cal,0.7617964752700397
91,5,0.5,mCal,0.7675362318840578
91,5,0.5,Flex,0.7474972191323693
91,5,0.8,Cal,0.7662957074721782
91,5,0.8,mCal,0.7749196141479099
91,5,0.8,Flex,0.7656870532168387
91,10,0.2,Cal,0.7731916632611362
91,10,0.2,mCal,0.7657239341494302
91,10,0.2,Flex,0.7576736672051697
91,10,0.5,Cal,0.8333333333333333
91,10,0.5,mCal,0.8383685800604229
91,10,0.5,Flex,0.8260254596888261
91,10,0.8,Cal,0.8729792147806004
91,10,0.8,mCal,0.8729792147806004
91,10,0.8,Flex,0.8602150537634408
91,25,0.2,Cal,0.8816936488169363
91,25,0.2,mCal,0.8817837610433319
91,25,0.2,Flex,0.8859828361258685
91,25,0.5,Cal,0.9190340909090909
91,25,0.5,mCal,0.9181494661921707
91,25,0.5,Flex,0.9122085048010974
91,25,0.8,Cal,0.9234135667396061
91,25,0.8,mCal,0.9254385964912281
91,25,0.8,Flex,0.9238900634249472
92,5,0.2,Cal,0.6978060863411182
92,5,0.2,mCal,0.7148594377510041
92,5,0.2,Flex,0.6986743102830526
92,5,0.5,Cal,0.7476002258610955
92,5,0.5,mCal,0.7566938300349243
92,5,0.5,Flex,0.7335180055401662
92,5,0.8,Cal,0.7683429513602638
92,5,0.8,mCal,0.7740863787375416
92,5,0.8,Flex,0.7645611156685808
92,10,0.2,Cal,0.7904984423676013
92,10,0.2,mCal,0.7903752039151712
92,10,0.2,Flex,0.78010878010878
92,10,0.5,Cal,0.8368891947694426
92,10,0.5,mCal,0.8381742738589212
92,10,0.5,Flex,0.815686274509804
92,10,0.8,Cal,0.8898305084745762
92,10,0.8,mCal,0.8898305084745762
92,10,0.8,Flex,0.8699106256206555
92,25,0.2,Cal,0.8711227610310178
92,25,0.2,mCal,0.8676405489154494
92,25,0.2,Flex,0.8728668941979522
92,25,0.5,Cal,0.9173913043478261
92,25,0.5,mCal,0.9170305676855897
92,25,0.5,Flex,0.9130742049469965
92,25,0.8,Cal,0.8899082568807338
92,25,0.8,mCal,0.8899082568807338
92,25,0.8,Flex,0.8980044345898004
93,5,0.2,Cal,0.7167590027700831
93,5,0.2,mCal,0.7321637426900585
93,5,0.2,Flex,0.7134338828481235
93,5,0.5,Cal,0.7684729064039408
93,5,0.5,mCal,0.772651473040578
93,5,0.5,Flex,0.7524115755627009
93,5,0.8,Cal,0.7772511848341231
93,5,0.8,mCal,0.7853152434158022
93,5,0.8,Flex,0.7754137115839242
93,10,0.2,Cal,0.7860048820179006
93,10,0.2,mCal,0.7837150127226463
93,10,0.2,Flex,0.7715325515568136
93,10,0.5,Cal,0.8377412437455326
93,10,0.5,mCal,0.8433212996389892
93,10,0.5,Flex,0.8167680865449628
93,10,0.8,Cal,0.86438809261301
93,10,0.8,mCal,0.86438809261301
93,10,0.8,Flex,0.8432760364004045
93,25,0.2,Cal,0.8770735857082093
93,25,0.2,mCal,0.8754847048685912
93,25,0.2,Flex,0.8734388009991675
93,25,0.5,Cal,0.9052945563012676
93,25,0.5,mCal,0.903225806451613
93,25,0.5,Flex,0.9035532994923858
93,25,0.8,Cal,0.9040097205346294
93,25,0.8,mCal,0.9040097205346294
93,25,0.8,Flex,0.9042056074766356
94,5,0.2,Cal,0.6922265212803376
94,5,0.2,mCal,0.6957217113154739
94,5,0.2,Flex,0.6917613636363636
94,5,0.5,Cal,0.7275784753363228
94,5,0.5,mCal,0.7341772151898734
94,5,0.5,Flex,0.7163355408388522
94,5,0.8,Cal,0.7590652699435939
94,5,0.8,mCal,0.7664768104149715
94,5,0.8,Flex,0.7594529364440868
94,10,0.2,Cal,0.7887879984208448
94,10,0.2,mCal,0.779967159277504
94,10,0.2,Flex,0.7770349980338184
94,10,0.5,Cal,0.8412698412698412
94,10,0.5,mCal,0.8485657104736493
94,10,0.5,Flex,0.8342857142857143
94,10,0.8,Cal,0.8738461538461538
94,10,0.8,mCal,0.8738461538461538
94,10,0.8,Flex,0.8552507095553452
94,25,0.2,Cal,0.8775862068965518
94,25,0.2,mCal,0.8744551002615518
94,25,0.2,Flex,0.8742616033755274
94,25,0.5,Cal,0.9062049062049062
94,25,0.5,mCal,0.9073806078147612
94,25,0.5,Flex,0.9021512838306732
94,25,0.8,Cal,0.8950403690888119
94,25,0.8,mCal,0.8950403690888119
94,25,0.8,Flex,0.8913525498891351
95,5,0.2,Cal,0.6981818181818181
95,5,0.2,mCal,0.7162944582299422
95,5,0.2,Flex,0.6973829708809437
95,5,0.5,Cal,0.7508571428571429
95,5,0.5,mCal,0.7523474178403756
95,5,0.5,Flex,0.7405740011254923
95,5,0.8,Cal,0.7426710097719869
95,5,0.8,mCal,0.7481542247744053
95,5,0.8,Flex,0.74206672091131
95,10,0.2,Cal,0.7660626029654037
95,10,0.2,mCal,0.7666955767562881
95,10,0.2,Flex,0.7560674619498149
95,10,0.5,Cal,0.8493353028064993
95,10,0.5,mCal,0.8537490720118782
95,10,0.5,Flex,0.8305322128851541
95,10,0.8,Cal,0.8489892984542211
95,10,0.8,mCal,0.8489892984542211
95,10,0.8,Flex,0.8431372549019608
95,25,0.2,Cal,0.8627450980392157
95,25,0.2,mCal,0.8638373121131742
95,25,0.2,Flex,0.8656716417910447
95,25,0.5,Cal,0.9133974833456698
95,25,0.5,mCal,0.9159851301115242
95,25,0.5,Flex,0.9110473457675754
95,25,0.8,Cal,0.9308035714285715
95,25,0.8,mCal,0.9308035714285715
95,25,0.8,Flex,0.9294245385450598
96,5,0.2,Cal,0.6853605243991261
96,5,0.2,mCal,0.688039457459926
96,5,0.2,Flex,0.6824224519940916
96,5,0.5,Cal,0.7321111768184505
96,5,0.5,mCal,0.7324455205811139
96,5,0.5,Flex,0.7168500289519398
96,5,0.8,Cal,0.7565733672603902
96,5,0.8,mCal,0.7650085763293311
96,5,0.8,Flex,0.754015215553677
96,10,0.2,Cal,0.75826363998407
96,10,0.2,mCal,0.7641470466749277
96,10,0.2,Flex,0.7474348855564326
96,10,0.5,Cal,0.8451296426068676
96,10,0.5,mCal,0.8482709950599859
96,10,0.5,Flex,0.8294625082946251
96,10,0.8,Cal,0.8506981740064447
96,10,0.8,mCal,0.8506981740064447
96,10,0.8,Flex,0.8560157790927021
96,25,0.2,Cal,0.8588850174216028
96,25,0.2,mCal,0.8554964539007093
96,25,0.2,Flex,0.8621425522833973
96,25,0.5,Cal,0.9003067484662577
96,25,0.5,mCal,0.9016897081413211
96,25,0.5,Flex,0.9061345158906134
96,25,0.8,Cal,0.9181818181818182
96,25,0.8,mCal,0.9169510807736063
96,25,0.8,Flex,0.9290465631929046
97,5,0.2,Cal,0.6908284023668639
97,5,0.2,mCal,0.6956521739130433
97,5,0.2,Flex,0.690744920993228
97,5,0.5,Cal,0.7470725995316161
97,5,0.5,mCal,0.7465382299819385
97,5,0.5,Flex,0.7350230414746544
97,5,0.8,Cal,0.74370112945265
97,5,0.8,mCal,0.7508771929824561
97,5,0.8,Flex,0.7430555555555556
97,10,0.2,Cal,0.7602627257799671
97,10,0.2,mCal,0.7595581988105353
97,10,0.2,Flex,0.7533632286995516
97,10,0.5,Cal,0.8246376811594202
97,10,0.5,mCal,0.8324798829553767
97,10,0.5,Flex,0.8169209431345354
97,10,0.8,Cal,0.8606465997770346
97,10,0.8,mCal,0.8606465997770346
97,10,0.8,Flex,0.8565531475748194
97,25,0.2,Cal,0.8700614574187884
97,25,0.2,mCal,0.869487750556793
97,25,0.2,Flex,0.8669527896995708
97,25,0.5,Cal,0.9038167938931297
97,25,0.5,mCal,0.9051987767584098
97,25,0.5,Flex,0.8987435328898744
97,25,0.8,Cal,0.9257142857142857
97,25,0.8,mCal,0.9244851258581236
97,25,0.8,Flex,0.9345172031076582
98,5,0.2,Cal,0.6912948061448427
98,5,0.2,mCal,0.7033333333333334
98,5,0.2,Flex,0.6893995552260934
98,5,0.5,Cal,0.7628390075014425
98,5,0.5,mCal,0.7712264150943396
98,5,0.5,Flex,0.7490084985835693
98,5,0.8,Cal,0.7881694644284573
98,5,0.8,mCal,0.7945205479452054
98,5,0.8,Flex,0.7869114126097366
98,10,0.2,Cal,0.7756714060031596
98,10,0.2,mCal,0.7775020678246484
98,10,0.2,Flex,0.7658402203856749
98,10,0.5,Cal,0.8543956043956044
98,10,0.5,mCal,0.8585231193926847
98,10,0.5,Flex,0.837696335078534
98,10,0.8,Cal,0.8550264550264549
98,10,0.8,mCal,0.8550264550264549
98,10,0.8,Flex,0.8379446640316206
98,25,0.2,Cal,0.8812994585589339
98,25,0.2,mCal,0.8815844922039613
98,25,0.2,Flex,0.8843481814466694
98,25,0.5,Cal,0.8984034833091437
98,25,0.5,mCal,0.9021897810218977
98,25,0.5,Flex,0.8976711362032462
98,25,0.8,Cal,0.9098998887652948
98,25,0.8,mCal,0.9086859688195992
98,25,0.8,Flex,0.9172932330827067
99,5,0.2,Cal,0.6909734513274336
99,5,0.2,mCal,0.7118644067796611
99,5,0.2,Flex,0.688689407540395
99,5,0.5,Cal,0.7396483267158254
99,5,0.5,mCal,0.7466666666666668
99,5,0.5,Flex,0.7286821705426356
99,5,0.8,Cal,0.7530364372469637
99,5,0.8,mCal,0.7610474631751227
99,5,0.8,Flex,0.7518189167340339
99,10,0.2,Cal,0.7678855325914149
99,10,0.2,mCal,0.7729908864954433
99,10,0.2,Flex,0.7595736281089618
99,10,0.5,Cal,0.8349381017881705
99,10,0.5,mCal,0.8394718554551772
99,10,0.5,Flex,0.8223684210526316
99,10,0.8,Cal,0.8516129032258065
99,10,0.8,mCal,0.8516129032258065
99,10,0.8,Flex,0.8294117647058823
99,25,0.2,Cal,0.8730025231286797
99,25,0.2,mCal,0.8700854700854701
99,25,0.2,Flex,0.8686371100164204
99,25,0.5,Cal,0.8988929889298893
99,25,0.5,mCal,0.9015544041450778
99,25,0.5,Flex,0.9021582733812951
99,25,0.8,Cal,0.8941979522184299
99,25,0.8,mCal,0.8939566704675028
99,25,0.8,Flex,0.9182115594329335
