rep,n,method,rmse
0,5,BS,29.51340789578623
0,5,Rag,50.00025508783861
0,5,Supp,451.8876451563243
0,5,Cal,97.60654481884212
0,5,mCal,21.614535479916054
0,5,Flex,27.80276597660781
0,10,BS,15.58079993267285
0,10,Rag,15.0972153943047
0,10,Supp,404.9885823873792
0,10,Cal,46.28922958982754
0,10,mCal,11.88681681734866
0,10,Flex,15.443134490206024
0,25,BS,8.066055778712254
0,25,Rag,8.302127849027041
0,25,Supp,8805.275709217558
0,25,Cal,19.094527478963784
0,25,mCal,7.421393492591805
0,25,Flex,7.818469847953051
1,5,BS,27.624848663467514
1,5,Rag,46.212768644307744
1,5,Supp,450.1709598028493
1,5,Cal,94.78175461341418
1,5,mCal,20.172457387854248
1,5,Flex,25.54515577648466
1,10,BS,15.194055834840658
1,10,Rag,16.939002703021902
1,10,Supp,437.84700910080414
1,10,Cal,47.696933279334246
1,10,mCal,12.194264982037252
1,10,Flex,16.565740077924918
1,25,BS,8.5057066000825
1,25,Rag,8.694185454304062
1,25,Supp,2296.5627258562636
1,25,Cal,18.25199850210026
1,25,mCal,8.004028376685687
1,25,Flex,7.6908560997184665
2,5,BS,27.1217925192101
2,5,Rag,49.682322786933405
2,5,Supp,469.6659619147557
2,5,Cal,97.6554511810462
2,5,mCal,19.980105183501017
2,5,Flex,25.99323027564346
2,10,BS,16.027907261562852
2,10,Rag,16.723514051587113
2,10,Supp,427.41297390623157
2,10,Cal,45.78904886644511
2,10,mCal,12.886050893691971
2,10,Flex,16.21285413749386
2,25,BS,7.931103660983647
2,25,Rag,8.277277278391297
2,25,Supp,4241.299908411024
2,25,Cal,19.686459547109603
2,25,mCal,7.42117730180924
2,25,Flex,8.3911021049959
3,5,BS,26.900296823804144
3,5,Rag,45.17762281014872
3,5,Supp,437.649704033046
3,5,Cal,97.50660442479436
3,5,mCal,20.293172308975358
3,5,Flex,26.549667461598087
3,10,BS,15.403629696994196
3,10,Rag,16.63005828553707
3,10,Supp,375.4942901404424
3,10,Cal,46.85839115132836
3,10,mCal,12.081109111498908
3,10,Flex,16.11545768168491
3,25,BS,7.861433790373298
3,25,Rag,8.567468579509121
3,25,Supp,3293.9412135551484
3,25,Cal,19.454921819555054
3,25,mCal,7.38869132186908
3,25,Flex,8.359971907379819
4,5,BS,25.56558363997895
4,5,Rag,46.82779925561867
4,5,Supp,448.7176344367725
4,5,Cal,96.91700102162402
4,5,mCal,18.998763133508398
4,5,Flex,25.307714924354848
4,10,BS,15.543308687290606
4,10,Rag,16.451864063232247
4,10,Supp,386.56544476315776
4,10,Cal,47.27305468881819
4,10,mCal,12.249888305190542
4,10,Flex,16.480002029318943
4,25,BS,8.474835150375814
4,25,Rag,8.768522740428473
4,25,Supp,3840.8227570929994
4,25,Cal,19.442670254041374
4,25,mCal,7.730038755722312
4,25,Flex,8.62824673173133
5,5,BS,27.428321515899643
5,5,Rag,51.664843213965526
5,5,Supp,475.0961286354682
5,5,Cal,97.30707467349859
5,5,mCal,20.341333461623996
5,5,Flex,25.804057006461957
5,10,BS,15.137185161841339
5,10,Rag,15.886707150997209
5,10,Supp,418.4440163706245
5,10,Cal,47.58421628998745
5,10,mCal,12.149529909350118
5,10,Flex,16.313505762630918
5,25,BS,7.836082040006678
5,25,Rag,8.422323036024354
5,25,Supp,3818.3257283930225
5,25,Cal,19.340388663569556
5,25,mCal,7.352017413045829
5,25,Flex,8.135491734383235
6,5,BS,25.579599212759064
6,5,Rag,48.19779959871122
6,5,Supp,458.72855355872406
6,5,Cal,97.47954100899038
6,5,mCal,18.858161718648862
6,5,Flex,24.514064637020784
6,10,BS,15.45211056251101
6,10,Rag,17.04712165596565
6,10,Supp,407.69589884186473
6,10,Cal,48.1894924666236
6,10,mCal,11.885154542872387
6,10,Flex,17.008536991543696
6,25,BS,8.019381111230055
6,25,Rag,8.183264192279852
6,25,Supp,4169.084378362558
6,25,Cal,18.92528124690106
6,25,mCal,7.490136487225449
6,25,Flex,7.836958191360575
7,5,BS,28.638794524532308
7,5,Rag,50.29189111685537
7,5,Supp,460.8239061753657
7,5,Cal,97.86048839535883
7,5,mCal,19.73236862980242
7,5,Flex,25.182784114671666
7,10,BS,15.517925329331897
7,10,Rag,16.857761997398043
7,10,Supp,383.33250027893297
7,10,Cal,47.504114210481085
7,10,mCal,12.32000396944218
7,10,Flex,17.237253823462474
7,25,BS,7.610540069415759
7,25,Rag,8.173371739783482
7,25,Supp,3893.2647139552164
7,25,Cal,19.380185288519478
7,25,mCal,7.278390016438449
7,25,Flex,8.081190981255546
8,5,BS,26.172426234205997
8,5,Rag,46.02114512017747
8,5,Supp,454.15260454542636
8,5,Cal,96.71123062670975
8,5,mCal,19.582386459677963
8,5,Flex,25.823407172162124
8,10,BS,17.72876985617719
8,10,Rag,17.647626982122745
8,10,Supp,409.8302373657984
8,10,Cal,48.15638861357244
8,10,mCal,13.06898241041407
8,10,Flex,18.193450487424553
8,25,BS,8.027664992955705
8,25,Rag,8.254869899544895
8,25,Supp,3512.168010081254
8,25,Cal,19.241374524356992
8,25,mCal,7.4123582810082524
8,25,Flex,8.068062336160368
9,5,BS,28.167058085983868
9,5,Rag,48.06828327717391
9,5,Supp,461.66459899440616
9,5,Cal,94.4403499153641
9,5,mCal,19.595076552606145
9,5,Flex,24.040873732863382
9,10,BS,16.107760718393138
9,10,Rag,16.896514173874223
9,10,Supp,391.39675901453455
9,10,Cal,47.32663333908734
9,10,mCal,12.417281686362713
9,10,Flex,17.15807836176031
9,25,BS,7.858917686836015
9,25,Rag,8.286997855175464
9,25,Supp,3760.4984077923036
9,25,Cal,19.37532355308554
9,25,mCal,7.426595720172691
9,25,Flex,8.14347415161414
10,5,BS,29.38937625851632
10,5,Rag,52.651661737912846
10,5,Supp,445.60856457634526
10,5,Cal,97.19184507178066
10,5,mCal,20.65101728638282
10,5,Flex,26.10058996141694
10,10,BS,15.945421848199269
10,10,Rag,16.259371969182958
10,10,Supp,409.96512397877564
10,10,Cal,46.389762704258786
10,10,mCal,12.378716960677353
10,10,Flex,16.415909800548143
10,25,BS,8.241273042977122
10,25,Rag,8.448178308581303
10,25,Supp,3472.5633502946225
10,25,Cal,19.03086532576261
10,25,mCal,7.695045398789498
10,25,Flex,8.069112587682534
11,5,BS,32.981348395632445
11,5,Rag,54.37613961948198
11,5,Supp,441.6444111671327
11,5,Cal,99.20211743678993
11,5,mCal,22.50541437112893
11,5,Flex,28.195505183141318
11,10,BS,15.181363864624593
11,10,Rag,15.843011478903154
11,10,Supp,392.3916356839137
11,10,Cal,46.841973265549505
11,10,mCal,11.912902928665824
11,10,Flex,15.535270320763948
11,25,BS,8.234093916581225
11,25,Rag,8.964326156516524
11,25,Supp,7587.004408888716
11,25,Cal,19.37704287048139
11,25,mCal,7.611678134058486
11,25,Flex,8.148253760592556
12,5,BS,29.263356505149083
12,5,Rag,50.97585055451225
12,5,Supp,462.34737888939725
12,5,Cal,99.23185827649444
12,5,mCal,20.995941636726855
12,5,Flex,26.84202362950574
12,10,BS,16.37179431911795
12,10,Rag,18.375026699752993
12,10,Supp,403.7257253616196
12,10,Cal,48.49541017233402
12,10,mCal,12.236378697831404
12,10,Flex,17.160306989934636
12,25,BS,8.065779825916646
12,25,Rag,8.364119982943592
12,25,Supp,2407.3389671082487
12,25,Cal,19.316555672676248
12,25,mCal,7.5961697526361025
12,25,Flex,8.358340145738781
13,5,BS,26.68047887825669
13,5,Rag,51.17295885371939
13,5,Supp,445.4174222953443
13,5,Cal,96.53579342109283
13,5,mCal,19.518605109400987
13,5,Flex,25.06955449125203
13,10,BS,16.28902709308548
13,10,Rag,16.49102393698955
13,10,Supp,424.4262172575318
13,10,Cal,47.58497002699449
13,10,mCal,12.39910714431984
13,10,Flex,16.4099155014108
13,25,BS,7.78296626870145
13,25,Rag,7.989650642452741
13,25,Supp,3819.3942036411777
13,25,Cal,19.246336148002065
13,25,mCal,7.3867194608800695
13,25,Flex,7.921140862442741
14,5,BS,28.79109495623684
14,5,Rag,50.16354042760417
14,5,Supp,453.50934227230294
14,5,Cal,96.75516894676524
14,5,mCal,20.099150298434402
14,5,Flex,26.304529553690593
14,10,BS,14.766965838760955
14,10,Rag,17.21640421619843
14,10,Supp,412.59654323339214
14,10,Cal,48.545972874389484
14,10,mCal,11.842389823686208
14,10,Flex,17.112546654979493
14,25,BS,8.048604137565357
14,25,Rag,8.588768690398526
14,25,Supp,4295.839834459128
14,25,Cal,19.144595098040558
14,25,mCal,7.628813880070135
14,25,Flex,7.872169204039173
15,5,BS,29.363337380302227
15,5,Rag,55.46504349548965
15,5,Supp,477.02821897934973
15,5,Cal,99.34301067581094
15,5,mCal,21.362226932573233
15,5,Flex,26.718356505703564
15,10,BS,15.431266121829006
15,10,Rag,16.641837532622187
15,10,Supp,414.6846068158261
15,10,Cal,46.45984155848545
15,10,mCal,12.211203597783953
15,10,Flex,15.743835016264052
15,25,BS,7.979048905907148
15,25,Rag,8.45790015813419
15,25,Supp,3199.444008147644
15,25,Cal,19.31860290082454
15,25,mCal,7.535993848314056
15,25,Flex,8.091769542697246
16,5,BS,27.047989564842943
16,5,Rag,50.311279865544996
16,5,Supp,463.367876831898
16,5,Cal,97.40520392504186
16,5,mCal,19.909088432871847
16,5,Flex,25.46477358524976
16,10,BS,16.296131738207187
16,10,Rag,16.467198198168724
16,10,Supp,416.97560968536686
16,10,Cal,46.47065984003377
16,10,mCal,12.45272406782196
16,10,Flex,16.09984878465714
16,25,BS,7.705696337581029
16,25,Rag,8.250652708897496
16,25,Supp,5566.179558678438
16,25,Cal,19.513527314637283
16,25,mCal,7.208742104705301
16,25,Flex,8.188537910280436
17,5,BS,30.071139688170106
17,5,Rag,52.345402871325476
17,5,Supp,455.2322175525552
17,5,Cal,97.34680523657475
17,5,mCal,21.61799347143884
17,5,Flex,26.761773505229705
17,10,BS,16.204598893218776
17,10,Rag,18.67534670128263
17,10,Supp,430.3614140350392
17,10,Cal,47.670952078197665
17,10,mCal,12.79528644281969
17,10,Flex,16.970951244443864
17,25,BS,7.978251815851438
17,25,Rag,8.36050736639136
17,25,Supp,2001.0450869087501
17,25,Cal,19.53554756756126
17,25,mCal,7.464123605654642
17,25,Flex,8.149122433019727
18,5,BS,28.561435292135997
18,5,Rag,50.45244863876544
18,5,Supp,481.3589942861895
18,5,Cal,96.42237206328389
18,5,mCal,20.144059455278207
18,5,Flex,26.184152522073518
18,10,BS,15.685627234000956
18,10,Rag,17.07118143855629
18,10,Supp,422.2400960716701
18,10,Cal,47.34285122019086
18,10,mCal,12.166273411324424
18,10,Flex,16.459480136043798
18,25,BS,8.592469268167577
18,25,Rag,9.15346862602799
18,25,Supp,3386.4486104191164
18,25,Cal,18.931344791094567
18,25,mCal,8.055669679530414
18,25,Flex,8.409663305166161
19,5,BS,27.125319387563206
19,5,Rag,49.10195940620383
19,5,Supp,456.6885777919569
19,5,Cal,96.63178327128671
19,5,mCal,19.057252923368136
19,5,Flex,25.009591890307806
19,10,BS,16.672504525554334
19,10,Rag,18.579821948596425
19,10,Supp,389.4061693722468
19,10,Cal,48.51094904719682
19,10,mCal,12.745053697901291
19,10,Flex,18.02023432216151
19,25,BS,7.900931588863357
19,25,Rag,8.389442203661925
19,25,Supp,2731.9666462439704
19,25,Cal,19.36922922870343
19,25,mCal,7.2837351941495205
19,25,Flex,7.848745904092235
20,5,BS,26.102993869997945
20,5,Rag,48.91523073441402
20,5,Supp,467.3735600903403
20,5,Cal,96.90334063926976
20,5,mCal,19.30572128027087
20,5,Flex,24.89826350629305
20,10,BS,15.638508806869352
20,10,Rag,17.507744855002482
20,10,Supp,397.1349822480158
20,10,Cal,46.807188180918715
20,10,mCal,12.116236588069826
20,10,Flex,16.11341075654962
20,25,BS,7.938873765353904
20,25,Rag,8.502116187270945
20,25,Supp,1880.9568276855105
20,25,Cal,19.54285777845595
20,25,mCal,7.523109072934991
20,25,Flex,8.509915988200605
21,5,BS,28.33548891886143
21,5,Rag,49.694455433400826
21,5,Supp,461.6153204125015
21,5,Cal,96.94340869578822
21,5,mCal,20.873467131867578
21,5,Flex,26.07658993497422
21,10,BS,16.057193217855644
21,10,Rag,17.293006893533732
21,10,Supp,418.03571589716387
21,10,Cal,47.53548637445978
21,10,mCal,12.036750440300413
21,10,Flex,16.637393905114937
21,25,BS,7.908757708279014
21,25,Rag,8.611428128008022
21,25,Supp,2492.664306733944
21,25,Cal,19.189007509949402
21,25,mCal,7.506147758272579
21,25,Flex,8.201897635276683
22,5,BS,29.287506002046587
22,5,Rag,50.58276669149099
22,5,Supp,448.82634297156034
22,5,Cal,97.88578981513837
22,5,mCal,20.34695832886443
22,5,Flex,25.4486226195078
22,10,BS,14.797329930842078
22,10,Rag,14.871301856135284
22,10,Supp,434.8869255462456
22,10,Cal,45.65113890486421
22,10,mCal,12.077405992945529
22,10,Flex,15.806824611851818
22,25,BS,8.28413359018573
22,25,Rag,8.680453491747963
22,25,Supp,6096.741572181005
22,25,Cal,19.0192447623413
22,25,mCal,7.800515426554106
22,25,Flex,8.312287801077215
23,5,BS,27.420836177968887
23,5,Rag,49.13423989694479
23,5,Supp,433.21211917909136
23,5,Cal,97.20098093143794
23,5,mCal,19.499946113456136
23,5,Flex,25.115153968715365
23,10,BS,15.966458966820342
23,10,Rag,16.13459057479234
23,10,Supp,412.85537826103916
23,10,Cal,46.69333882970079
23,10,mCal,12.49601695880752
23,10,Flex,16.538011461217394
23,25,BS,8.46288904094055
23,25,Rag,8.62741396415058
23,25,Supp,2118.4022922946947
23,25,Cal,19.218887109530918
23,25,mCal,7.8350656208235705
23,25,Flex,8.414276843677499
24,5,BS,28.519331215308082
24,5,Rag,49.188254594171354
24,5,Supp,453.67251850721243
24,5,Cal,96.85252939320088
24,5,mCal,20.4169684915416
24,5,Flex,27.718377820303232
24,10,BS,16.32903614378842
24,10,Rag,16.173931941695052
24,10,Supp,429.6748938013692
24,10,Cal,47.60677870504567
24,10,mCal,12.411216722532728
24,10,Flex,17.34303010082278
24,25,BS,8.211601036128846
24,25,Rag,8.650102345345278
24,25,Supp,3050.1388447766676
24,25,Cal,19.00343250501818
24,25,mCal,7.636176551460308
24,25,Flex,8.069048890452866
25,5,BS,29.3061318613238
25,5,Rag,47.399466778074746
25,5,Supp,444.5456036106148
25,5,Cal,96.43987190057308
25,5,mCal,20.498785101803872
25,5,Flex,27.14063614922408
25,10,BS,15.406213561687256
25,10,Rag,17.11858931600883
25,10,Supp,414.5372501470461
25,10,Cal,47.93965355927564
25,10,mCal,11.88601081154505
25,10,Flex,16.482755542851102
25,25,BS,8.063550441978359
25,25,Rag,8.481542605894976
25,25,Supp,3800.2998306021855
25,25,Cal,20.11002818364561
25,25,mCal,7.313653057599294
25,25,Flex,8.909395390218398
26,5,BS,24.89886153398329
26,5,Rag,47.704817381033635
26,5,Supp,469.82639685848295
26,5,Cal,96.26585757504425
26,5,mCal,18.453420409064197
26,5,Flex,23.685162469535154
26,10,BS,16.14039834392448
26,10,Rag,18.048133011732066
26,10,Supp,381.8599075721244
26,10,Cal,48.1296970364803
26,10,mCal,12.302827725572277
26,10,Flex,17.471949008712315
26,25,BS,7.9864405988605744
26,25,Rag,8.291671006299788
26,25,Supp,3806.792497528518
26,25,Cal,19.448550359727424
26,25,mCal,7.453321837252336
26,25,Flex,8.321296965405299
27,5,BS,29.080980718459458
27,5,Rag,49.65528181317653
27,5,Supp,447.9666889353394
27,5,Cal,99.2958149260114
27,5,mCal,21.01231274729057
27,5,Flex,27.470997110710453
27,10,BS,15.839368074874974
27,10,Rag,17.024032997705298
27,10,Supp,423.62210739196166
27,10,Cal,47.629917897640404
27,10,mCal,12.391699467046589
27,10,Flex,16.78847210767701
27,25,BS,8.011626463159763
27,25,Rag,8.251095624911237
27,25,Supp,2244.166146865375
27,25,Cal,18.957338612354903
27,25,mCal,7.559765536512142
27,25,Flex,7.900449017927993
28,5,BS,26.956870424796673
28,5,Rag,47.92465579503709
28,5,Supp,454.2802979564912
28,5,Cal,96.66352436966125
28,5,mCal,19.44974381447994
28,5,Flex,24.26941459886513
28,10,BS,14.788092516988804
28,10,Rag,15.572392518159562
28,10,Supp,421.19697402606306
28,10,Cal,46.192094071488505
28,10,mCal,11.677882594518987
28,10,Flex,15.762355903812248
28,25,BS,7.947111741539328
28,25,Rag,8.272835503699659
28,25,Supp,3902.6611744450756
28,25,Cal,19.145448648389355
28,25,mCal,7.522676814309898
28,25,Flex,7.790278095574561
29,5,BS,32.86510074705153
29,5,Rag,53.10894498690292
29,5,Supp,452.6077275632869
29,5,Cal,98.67234867385886
29,5,mCal,22.334086687034723
29,5,Flex,28.540622590654234
29,10,BS,15.55066356164306
29,10,Rag,16.09970759330972
29,10,Supp,385.8238497363038
29,10,Cal,47.163937043192036
29,10,mCal,12.00133823914599
29,10,Flex,16.42794970966604
29,25,BS,7.833192122275136
29,25,Rag,8.374893299066095
29,25,Supp,4836.915319832354
29,25,Cal,19.357457197566408
29,25,mCal,7.3432776893929725
29,25,Flex,8.21254462436537
30,5,BS,26.49908149994302
30,5,Rag,51.00682917683723
30,5,Supp,460.9142225311627
30,5,Cal,96.9162682350981
30,5,mCal,20.166414998020617
30,5,Flex,25.682980510343945
30,10,BS,15.2298302290352
30,10,Rag,17.218666335082894
30,10,Supp,378.2444998360002
30,10,Cal,47.255177614072196
30,10,mCal,11.806444915750287
30,10,Flex,16.97525080811597
30,25,BS,8.118429954431079
30,25,Rag,8.586814650096324
30,25,Supp,3189.5534822869577
30,25,Cal,18.68961393910184
30,25,mCal,7.7072155723238955
30,25,Flex,7.692173407843765
31,5,BS,28.761535783166465
31,5,Rag,47.551160785200246
31,5,Supp,444.10800063815105
31,5,Cal,94.39851275783424
31,5,mCal,20.646381887846335
31,5,Flex,26.10891000536201
31,10,BS,15.547495084319822
31,10,Rag,16.427604645347163
31,10,Supp,436.50716455022496
31,10,Cal,47.10485600673286
31,10,mCal,11.715762886505036
31,10,Flex,15.651999313637802
31,25,BS,8.142234105875168
31,25,Rag,8.55234305245086
31,25,Supp,5549.941653138371
31,25,Cal,19.39488687284589
31,25,mCal,7.552926896981609
31,25,Flex,8.075011222179464
32,5,BS,28.628607027120758
32,5,Rag,54.458370074461875
32,5,Supp,472.5301358061943
32,5,Cal,99.55152570550162
32,5,mCal,21.709519364370085
32,5,Flex,26.55259156587483
32,10,BS,15.223508073885741
32,10,Rag,17.2901615621277
32,10,Supp,420.33693324528537
32,10,Cal,47.076183660180924
32,10,mCal,11.83865299419847
32,10,Flex,16.018518665090085
32,25,BS,8.004324854300313
32,25,Rag,8.157067721997892
32,25,Supp,1906.9943560402269
32,25,Cal,18.982483509899314
32,25,mCal,7.4807854666303735
32,25,Flex,8.049567774687475
33,5,BS,29.29458612422236
33,5,Rag,48.72186019878588
33,5,Supp,462.74708598357745
33,5,Cal,98.5729751901106
33,5,mCal,21.76764939674009
33,5,Flex,26.600806256178178
33,10,BS,16.53098942635791
33,10,Rag,17.590994706403958
33,10,Supp,439.04485538553234
33,10,Cal,48.15517532731532
33,10,mCal,12.658997697699228
33,10,Flex,17.055792067034083
33,25,BS,7.792664632081886
33,25,Rag,8.457704378375093
33,25,Supp,4566.555906846986
33,25,Cal,18.908829355926002
33,25,mCal,7.425074548774754
33,25,Flex,8.057111209434737
34,5,BS,26.799954176671015
34,5,Rag,48.19021231726662
34,5,Supp,463.89459846913087
34,5,Cal,97.17465192452526
34,5,mCal,19.938725972088864
34,5,Flex,26.042945227754718
34,10,BS,15.862147925848637
34,10,Rag,16.682952146398197
34,10,Supp,424.23974245331885
34,10,Cal,47.569757675470214
34,10,mCal,11.92065322422467
34,10,Flex,16.232545194025537
34,25,BS,8.188538032932758
34,25,Rag,8.39986090691933
34,25,Supp,5989.7907528503665
34,25,Cal,18.95594524931055
34,25,mCal,7.508106107054862
34,25,Flex,7.662036528545418
35,5,BS,29.891547459400744
35,5,Rag,47.05759271811007
35,5,Supp,456.38001600558295
35,5,Cal,96.75365516425545
35,5,mCal,20.030876204274126
35,5,Flex,26.261623855912916
35,10,BS,15.184511975302229
35,10,Rag,16.745753861787982
35,10,Supp,419.33631688601054
35,10,Cal,47.28060291559476
35,10,mCal,11.825642206889514
35,10,Flex,16.604408333887925
35,25,BS,7.996027748446411
35,25,Rag,8.454137702848852
35,25,Supp,9662.80841559577
35,25,Cal,19.430457961947674
35,25,mCal,7.477164650633141
35,25,Flex,8.42111371102316
36,5,BS,28.222041577569733
36,5,Rag,50.75264261275964
36,5,Supp,473.7906601211237
36,5,Cal,99.24218973510214
36,5,mCal,20.71784772679313
36,5,Flex,26.69973774354138
36,10,BS,15.57756427428786
36,10,Rag,17.739800499733505
36,10,Supp,415.7942673078208
36,10,Cal,47.305519256885304
36,10,mCal,12.107641212819294
36,10,Flex,16.349649780135586
36,25,BS,8.370051691241255
36,25,Rag,8.661342838862483
36,25,Supp,1756.8812501268408
36,25,Cal,19.30466623471821
36,25,mCal,7.777324823416137
36,25,Flex,8.2222430222464
37,5,BS,27.390659245797707
37,5,Rag,51.42428356614052
37,5,Supp,474.11680109937294
37,5,Cal,98.20593714793766
37,5,mCal,20.466303856447535
37,5,Flex,25.37883761798287
37,10,BS,16.01811527092848
37,10,Rag,17.747371147432045
37,10,Supp,443.5269830683746
37,10,Cal,48.188525320314284
37,10,mCal,12.66912798734384
37,10,Flex,17.37412786165579
37,25,BS,8.495551844351487
37,25,Rag,8.686097451398734
37,25,Supp,4973.009319067232
37,25,Cal,18.768926188438893
37,25,mCal,7.895412773790098
37,25,Flex,8.12827581021258
38,5,BS,31.29741347517454
38,5,Rag,53.35931286686222
38,5,Supp,482.5953411528946
38,5,Cal,100.46880994447734
38,5,mCal,21.81416268036589
38,5,Flex,26.526842263710403
38,10,BS,16.089794247918217
38,10,Rag,18.69490482258897
38,10,Supp,395.65407245483334
38,10,Cal,48.036030479871386
38,10,mCal,12.411246747596504
38,10,Flex,17.54766631592046
38,25,BS,7.9836669533691245
38,25,Rag,8.26073224791351
38,25,Supp,3941.1761228861874
38,25,Cal,19.001309871906393
38,25,mCal,7.407997339904936
38,25,Flex,7.74726278292454
39,5,BS,26.017427175320012
39,5,Rag,49.69307226221123
39,5,Supp,454.5597274876315
39,5,Cal,96.63266406962059
39,5,mCal,20.303657461027576
39,5,Flex,25.208166244167394
39,10,BS,16.06188465148111
39,10,Rag,16.86765443462449
39,10,Supp,429.6650209559297
39,10,Cal,46.53846517358554
39,10,mCal,12.423326936553222
39,10,Flex,16.499571391961524
39,25,BS,8.2349073076405
39,25,Rag,8.586886864302802
39,25,Supp,3600.0332244760507
39,25,Cal,19.110084042146116
39,25,mCal,7.629567640979675
39,25,Flex,8.08503100637463
40,5,BS,30.57065664594522
40,5,Rag,49.03466478393828
40,5,Supp,452.7269795342084
40,5,Cal,99.66276294058493
40,5,mCal,20.83519251075537
40,5,Flex,27.14601389872933
40,10,BS,15.384396820872777
40,10,Rag,16.390370579980814
40,10,Supp,420.0731631758536
40,10,Cal,46.02471833106129
40,10,mCal,12.054494197096686
40,10,Flex,15.226904739862498
40,25,BS,7.844152908722138
40,25,Rag,8.219246353174057
40,25,Supp,5643.246127018579
40,25,Cal,18.87869081624863
40,25,mCal,7.348350346550613
40,25,Flex,7.985478118379085
41,5,BS,26.383919801511308
41,5,Rag,49.92677752838917
41,5,Supp,457.41459022427995
41,5,Cal,96.83075631505228
41,5,mCal,19.542297714196195
41,5,Flex,24.673866043989054
41,10,BS,15.348762628364648
41,10,Rag,15.642836528246633
41,10,Supp,409.6716223309992
41,10,Cal,46.73970955829316
41,10,mCal,11.784841203541657
41,10,Flex,15.8956224698552
41,25,BS,8.117967116500969
41,25,Rag,8.514403184684022
41,25,Supp,1316.4976037402848
41,25,Cal,19.114096108490898
41,25,mCal,7.576947052612612
41,25,Flex,8.19478556109894
42,5,BS,27.952445602701214
42,5,Rag,50.54204220793205
42,5,Supp,444.1554709206202
42,5,Cal,97.5429201688199
42,5,mCal,20.21404429542822
42,5,Flex,25.444282957404404
42,10,BS,14.998858488259359
42,10,Rag,15.466828190953517
42,10,Supp,438.8361264936293
42,10,Cal,45.87410982428406
42,10,mCal,12.017967973665229
42,10,Flex,15.568434185798306
42,25,BS,8.017011971780505
42,25,Rag,8.102783528070422
42,25,Supp,7709.465796727974
42,25,Cal,18.852156935293188
42,25,mCal,7.534672273054401
42,25,Flex,7.808588940381336
43,5,BS,29.303149581398095
43,5,Rag,52.59627361247321
43,5,Supp,461.6117498694442
43,5,Cal,97.7030889670312
43,5,mCal,20.630662175983737
43,5,Flex,26.280065628750013
43,10,BS,15.79517762106939
43,10,Rag,17.726402720669572
43,10,Supp,404.11766550378707
43,10,Cal,47.36739902402246
43,10,mCal,12.173476464333026
43,10,Flex,16.6513857493483
43,25,BS,8.15305201928719
43,25,Rag,8.178391048137376
43,25,Supp,5443.635022964246
43,25,Cal,18.883892640287943
43,25,mCal,7.688196030848899
43,25,Flex,7.879384055202708
44,5,BS,30.814850609016986
44,5,Rag,53.858048407785034
44,5,Supp,465.2642503105034
44,5,Cal,98.87879429048317
44,5,mCal,21.70805905598617
44,5,Flex,27.42821658021079
44,10,BS,15.523161062942675
44,10,Rag,16.704493358657384
44,10,Supp,431.68297948783663
44,10,Cal,47.352525238818586
44,10,mCal,11.994304543030953
44,10,Flex,16.041249540851933
44,25,BS,7.969668360808885
44,25,Rag,8.22299582833007
44,25,Supp,2272.8440408706424
44,25,Cal,19.0228708452246
44,25,mCal,7.437838813356399
44,25,Flex,8.040151444546296
45,5,BS,27.29840388178223
45,5,Rag,47.99713350382418
45,5,Supp,449.5102008256503
45,5,Cal,96.25477034890841
45,5,mCal,19.858542111859283
45,5,Flex,24.34539868670628
45,10,BS,15.05110816800494
45,10,Rag,16.28164497650049
45,10,Supp,411.70223516797876
45,10,Cal,47.76672491635516
45,10,mCal,11.723711014275775
45,10,Flex,16.286744615543476
45,25,BS,8.193183816912972
45,25,Rag,8.684190901923786
45,25,Supp,2893.415273931269
45,25,Cal,19.705122168267067
45,25,mCal,7.536753585326388
45,25,Flex,8.535496018429587
46,5,BS,27.632951482660385
46,5,Rag,48.36586823567611
46,5,Supp,480.24801501360014
46,5,Cal,97.69642438500443
46,5,mCal,20.705878050901944
46,5,Flex,27.004052254079166
46,10,BS,15.412012811346177
46,10,Rag,16.49802565088686
46,10,Supp,444.94490739470564
46,10,Cal,47.27944401921378
46,10,mCal,12.127448834423074
46,10,Flex,16.552679160379395
46,25,BS,8.232993647133277
46,25,Rag,8.650089304815932
46,25,Supp,7307.28635813981
46,25,Cal,19.07714276208866
46,25,mCal,7.7581411506840245
46,25,Flex,7.981434919034681
47,5,BS,25.47104784014865
47,5,Rag,48.45564744031759
47,5,Supp,461.727786152974
47,5,Cal,96.5628624061679
47,5,mCal,19.589749065506812
47,5,Flex,24.642837098493597
47,10,BS,14.76211678736485
47,10,Rag,15.36547737026092
47,10,Supp,430.99961011138305
47,10,Cal,47.116017383122355
47,10,mCal,11.65311249856272
47,10,Flex,15.859419303394139
47,25,BS,7.976184027756898
47,25,Rag,8.312852526168227
47,25,Supp,4160.9781625012965
47,25,Cal,18.864840440358417
47,25,mCal,7.563399559842973
47,25,Flex,7.608078555679586
48,5,BS,29.929506987228866
48,5,Rag,49.86585303059031
48,5,Supp,441.6672004261272
48,5,Cal,97.87465508618
48,5,mCal,19.87046781938333
48,5,Flex,26.653028761790864
48,10,BS,16.113250845685
48,10,Rag,16.82243531359305
48,10,Supp,418.53720644879235
48,10,Cal,47.3531507145128
48,10,mCal,12.613821829821628
48,10,Flex,16.76203189358602
48,25,BS,8.190343172336073
48,25,Rag,8.505588116170305
48,25,Supp,3677.5213407877377
48,25,Cal,19.26709344446426
48,25,mCal,7.55630972130229
48,25,Flex,8.137770012653341
49,5,BS,26.801672307212208
49,5,Rag,50.21745685959831
49,5,Supp,475.92833955607836
49,5,Cal,99.91351427970002
49,5,mCal,20.572640665839707
49,5,Flex,26.165685530582547
49,10,BS,15.817362636896801
49,10,Rag,16.705943439200883
49,10,Supp,428.9295714443764
49,10,Cal,48.171835533213766
49,10,mCal,12.21315243315076
49,10,Flex,17.028598316571415
49,25,BS,7.97058121628914
49,25,Rag,8.449608146900239
49,25,Supp,5299.916658155558
49,25,Cal,19.753702551477453
49,25,mCal,7.393898385649412
49,25,Flex,8.528320278962191
